"region","fecha","cases_registered","PCR","TestAc","hospitalized","intensive_care","deceassed","recovered","date"
"Andalucía","20/2/2020",0,0,NA,NA,NA,NA,NA,2020-02-20
"Aragón","20/2/2020",0,0,NA,NA,NA,NA,NA,2020-02-20
"Asturias","20/2/2020",0,0,NA,NA,NA,NA,NA,2020-02-20
"Baleares","20/2/2020",1,1,NA,NA,NA,NA,NA,2020-02-20
"Canarias","20/2/2020",1,1,NA,NA,NA,NA,NA,2020-02-20
"Cantabria","20/2/2020",0,0,NA,NA,NA,NA,NA,2020-02-20
"Castilla-La Mancha","20/2/2020",0,0,NA,NA,NA,NA,NA,2020-02-20
"Castilla y León","20/2/2020",0,0,NA,NA,NA,NA,NA,2020-02-20
"Cataluña","20/2/2020",0,0,NA,NA,NA,NA,NA,2020-02-20
"Ceuta","20/2/2020",0,0,NA,NA,NA,NA,NA,2020-02-20
"C. Valenciana","20/2/2020",0,0,NA,26,0,NA,NA,2020-02-20
"Extremadura","20/2/2020",0,0,NA,NA,NA,NA,NA,2020-02-20
"Galicia","20/2/2020",0,0,NA,NA,NA,NA,NA,2020-02-20
"Madrid","20/2/2020",0,0,NA,NA,NA,NA,NA,2020-02-20
"Melilla","20/2/2020",0,0,NA,NA,NA,NA,NA,2020-02-20
"Murcia","20/2/2020",0,0,NA,NA,NA,NA,NA,2020-02-20
"Navarra","20/2/2020",0,0,NA,NA,NA,NA,NA,2020-02-20
"País Vasco","20/2/2020",0,0,NA,NA,NA,NA,NA,2020-02-20
"La Rioja","20/2/2020",0,0,NA,NA,NA,NA,NA,2020-02-20
"Andalucía","21/2/2020",0,0,NA,NA,NA,NA,NA,2020-02-21
"Aragón","21/2/2020",0,0,NA,NA,NA,NA,NA,2020-02-21
"Asturias","21/2/2020",0,0,NA,NA,NA,NA,NA,2020-02-21
"Baleares","21/2/2020",1,1,NA,NA,NA,NA,NA,2020-02-21
"Canarias","21/2/2020",1,1,NA,NA,NA,NA,NA,2020-02-21
"Cantabria","21/2/2020",0,0,NA,NA,NA,NA,NA,2020-02-21
"Castilla-La Mancha","21/2/2020",0,0,NA,NA,NA,NA,NA,2020-02-21
"Castilla y León","21/2/2020",0,0,NA,NA,NA,NA,NA,2020-02-21
"Cataluña","21/2/2020",0,0,NA,NA,NA,NA,NA,2020-02-21
"Ceuta","21/2/2020",0,0,NA,NA,NA,NA,NA,2020-02-21
"C. Valenciana","21/2/2020",0,0,NA,30,1,NA,NA,2020-02-21
"Extremadura","21/2/2020",0,0,NA,NA,NA,NA,NA,2020-02-21
"Galicia","21/2/2020",0,0,NA,NA,NA,NA,NA,2020-02-21
"Madrid","21/2/2020",0,0,NA,NA,NA,NA,NA,2020-02-21
"Melilla","21/2/2020",0,0,NA,NA,NA,NA,NA,2020-02-21
"Murcia","21/2/2020",0,0,NA,NA,NA,NA,NA,2020-02-21
"Navarra","21/2/2020",0,0,NA,NA,NA,NA,NA,2020-02-21
"País Vasco","21/2/2020",0,0,NA,NA,NA,NA,NA,2020-02-21
"La Rioja","21/2/2020",0,0,NA,NA,NA,NA,NA,2020-02-21
"Andalucía","22/2/2020",0,0,NA,NA,NA,NA,NA,2020-02-22
"Aragón","22/2/2020",0,0,NA,NA,NA,NA,NA,2020-02-22
"Asturias","22/2/2020",0,0,NA,NA,NA,NA,NA,2020-02-22
"Baleares","22/2/2020",1,1,NA,NA,NA,NA,NA,2020-02-22
"Canarias","22/2/2020",1,1,NA,NA,NA,NA,NA,2020-02-22
"Cantabria","22/2/2020",0,0,NA,NA,NA,NA,NA,2020-02-22
"Castilla-La Mancha","22/2/2020",0,0,NA,NA,NA,NA,NA,2020-02-22
"Castilla y León","22/2/2020",0,0,NA,NA,NA,NA,NA,2020-02-22
"Cataluña","22/2/2020",0,0,NA,NA,NA,NA,NA,2020-02-22
"Ceuta","22/2/2020",0,0,NA,NA,NA,NA,NA,2020-02-22
"C. Valenciana","22/2/2020",0,0,NA,33,1,NA,NA,2020-02-22
"Extremadura","22/2/2020",0,0,NA,NA,NA,NA,NA,2020-02-22
"Galicia","22/2/2020",0,0,NA,NA,NA,NA,NA,2020-02-22
"Madrid","22/2/2020",0,0,NA,NA,NA,NA,NA,2020-02-22
"Melilla","22/2/2020",0,0,NA,NA,NA,NA,NA,2020-02-22
"Murcia","22/2/2020",0,0,NA,NA,NA,NA,NA,2020-02-22
"Navarra","22/2/2020",0,0,NA,NA,NA,NA,NA,2020-02-22
"País Vasco","22/2/2020",0,0,NA,NA,NA,NA,NA,2020-02-22
"La Rioja","22/2/2020",0,0,NA,NA,NA,NA,NA,2020-02-22
"Andalucía","23/2/2020",0,0,NA,NA,NA,NA,NA,2020-02-23
"Aragón","23/2/2020",0,0,NA,NA,NA,NA,NA,2020-02-23
"Asturias","23/2/2020",0,0,NA,NA,NA,NA,NA,2020-02-23
"Baleares","23/2/2020",1,1,NA,NA,NA,NA,NA,2020-02-23
"Canarias","23/2/2020",1,1,NA,NA,NA,NA,NA,2020-02-23
"Cantabria","23/2/2020",0,0,NA,NA,NA,NA,NA,2020-02-23
"Castilla-La Mancha","23/2/2020",0,0,NA,NA,NA,NA,NA,2020-02-23
"Castilla y León","23/2/2020",0,0,NA,NA,NA,NA,NA,2020-02-23
"Cataluña","23/2/2020",0,0,NA,NA,NA,NA,NA,2020-02-23
"Ceuta","23/2/2020",0,0,NA,NA,NA,NA,NA,2020-02-23
"C. Valenciana","23/2/2020",0,0,NA,38,2,NA,NA,2020-02-23
"Extremadura","23/2/2020",0,0,NA,NA,NA,NA,NA,2020-02-23
"Galicia","23/2/2020",0,0,NA,NA,NA,NA,NA,2020-02-23
"Madrid","23/2/2020",0,0,NA,NA,NA,NA,NA,2020-02-23
"Melilla","23/2/2020",0,0,NA,NA,NA,NA,NA,2020-02-23
"Murcia","23/2/2020",0,0,NA,NA,NA,NA,NA,2020-02-23
"Navarra","23/2/2020",0,0,NA,NA,NA,NA,NA,2020-02-23
"País Vasco","23/2/2020",0,0,NA,NA,NA,NA,NA,2020-02-23
"La Rioja","23/2/2020",0,0,NA,NA,NA,NA,NA,2020-02-23
"Andalucía","24/2/2020",0,0,NA,NA,NA,NA,NA,2020-02-24
"Aragón","24/2/2020",0,0,NA,NA,NA,NA,NA,2020-02-24
"Asturias","24/2/2020",0,0,NA,NA,NA,NA,NA,2020-02-24
"Baleares","24/2/2020",1,1,NA,NA,NA,NA,NA,2020-02-24
"Canarias","24/2/2020",2,2,NA,NA,NA,NA,NA,2020-02-24
"Cantabria","24/2/2020",0,0,NA,NA,NA,NA,NA,2020-02-24
"Castilla-La Mancha","24/2/2020",0,0,NA,NA,NA,NA,NA,2020-02-24
"Castilla y León","24/2/2020",0,0,NA,NA,NA,NA,NA,2020-02-24
"Cataluña","24/2/2020",0,0,NA,NA,NA,NA,NA,2020-02-24
"Ceuta","24/2/2020",0,0,NA,NA,NA,NA,NA,2020-02-24
"C. Valenciana","24/2/2020",0,0,NA,49,2,NA,NA,2020-02-24
"Extremadura","24/2/2020",0,0,NA,NA,NA,NA,NA,2020-02-24
"Galicia","24/2/2020",0,0,NA,NA,NA,NA,NA,2020-02-24
"Madrid","24/2/2020",0,0,NA,NA,NA,NA,NA,2020-02-24
"Melilla","24/2/2020",0,0,NA,NA,NA,NA,NA,2020-02-24
"Murcia","24/2/2020",0,0,NA,NA,NA,NA,NA,2020-02-24
"Navarra","24/2/2020",0,0,NA,NA,NA,NA,NA,2020-02-24
"País Vasco","24/2/2020",0,0,NA,NA,NA,NA,NA,2020-02-24
"La Rioja","24/2/2020",0,0,NA,NA,NA,NA,NA,2020-02-24
"Andalucía","25/2/2020",0,0,NA,NA,NA,NA,NA,2020-02-25
"Aragón","25/2/2020",0,0,NA,NA,NA,NA,NA,2020-02-25
"Asturias","25/2/2020",0,0,NA,NA,NA,NA,NA,2020-02-25
"Baleares","25/2/2020",1,1,NA,NA,NA,NA,NA,2020-02-25
"Canarias","25/2/2020",5,5,NA,NA,NA,NA,NA,2020-02-25
"Cantabria","25/2/2020",0,0,NA,NA,NA,NA,NA,2020-02-25
"Castilla-La Mancha","25/2/2020",0,0,NA,NA,NA,NA,NA,2020-02-25
"Castilla y León","25/2/2020",0,0,NA,NA,NA,NA,NA,2020-02-25
"Cataluña","25/2/2020",1,1,NA,NA,NA,NA,NA,2020-02-25
"Ceuta","25/2/2020",0,0,NA,NA,NA,NA,NA,2020-02-25
"C. Valenciana","25/2/2020",1,1,NA,58,2,NA,NA,2020-02-25
"Extremadura","25/2/2020",0,0,NA,NA,NA,NA,NA,2020-02-25
"Galicia","25/2/2020",0,0,NA,NA,NA,NA,NA,2020-02-25
"Madrid","25/2/2020",1,1,NA,NA,NA,NA,NA,2020-02-25
"Melilla","25/2/2020",0,0,NA,NA,NA,NA,NA,2020-02-25
"Murcia","25/2/2020",0,0,NA,NA,NA,NA,NA,2020-02-25
"Navarra","25/2/2020",0,0,NA,NA,NA,NA,NA,2020-02-25
"País Vasco","25/2/2020",0,0,NA,NA,NA,NA,NA,2020-02-25
"La Rioja","25/2/2020",0,0,NA,NA,NA,NA,NA,2020-02-25
"Andalucía","26/2/2020",1,1,NA,NA,NA,NA,NA,2020-02-26
"Aragón","26/2/2020",0,0,NA,NA,NA,NA,NA,2020-02-26
"Asturias","26/2/2020",0,0,NA,NA,NA,NA,NA,2020-02-26
"Baleares","26/2/2020",1,1,NA,NA,NA,NA,NA,2020-02-26
"Canarias","26/2/2020",6,6,NA,NA,NA,NA,NA,2020-02-26
"Cantabria","26/2/2020",0,0,NA,NA,NA,NA,NA,2020-02-26
"Castilla-La Mancha","26/2/2020",0,0,NA,NA,NA,NA,NA,2020-02-26
"Castilla y León","26/2/2020",0,0,NA,NA,NA,NA,NA,2020-02-26
"Cataluña","26/2/2020",2,2,NA,NA,NA,NA,NA,2020-02-26
"Ceuta","26/2/2020",0,0,NA,NA,NA,NA,NA,2020-02-26
"C. Valenciana","26/2/2020",2,2,NA,63,3,NA,NA,2020-02-26
"Extremadura","26/2/2020",0,0,NA,NA,NA,NA,NA,2020-02-26
"Galicia","26/2/2020",0,0,NA,NA,NA,NA,NA,2020-02-26
"Madrid","26/2/2020",5,5,NA,NA,NA,NA,NA,2020-02-26
"Melilla","26/2/2020",0,0,NA,NA,NA,NA,NA,2020-02-26
"Murcia","26/2/2020",0,0,NA,NA,NA,NA,NA,2020-02-26
"Navarra","26/2/2020",0,0,NA,NA,NA,NA,NA,2020-02-26
"País Vasco","26/2/2020",0,0,NA,NA,NA,NA,NA,2020-02-26
"La Rioja","26/2/2020",0,0,NA,NA,NA,NA,NA,2020-02-26
"Andalucía","27/2/2020",6,6,NA,NA,NA,NA,NA,2020-02-27
"Aragón","27/2/2020",0,0,NA,NA,NA,NA,NA,2020-02-27
"Asturias","27/2/2020",0,0,NA,NA,NA,NA,NA,2020-02-27
"Baleares","27/2/2020",1,1,NA,NA,NA,NA,NA,2020-02-27
"Canarias","27/2/2020",6,6,NA,NA,NA,NA,NA,2020-02-27
"Cantabria","27/2/2020",0,0,NA,NA,NA,NA,NA,2020-02-27
"Castilla-La Mancha","27/2/2020",0,0,NA,NA,NA,NA,NA,2020-02-27
"Castilla y León","27/2/2020",2,2,NA,NA,NA,NA,NA,2020-02-27
"Cataluña","27/2/2020",3,3,NA,NA,NA,NA,NA,2020-02-27
"Ceuta","27/2/2020",0,0,NA,NA,NA,NA,NA,2020-02-27
"C. Valenciana","27/2/2020",8,8,NA,73,3,NA,NA,2020-02-27
"Extremadura","27/2/2020",0,0,NA,NA,NA,NA,NA,2020-02-27
"Galicia","27/2/2020",0,0,NA,NA,NA,NA,NA,2020-02-27
"Madrid","27/2/2020",9,9,NA,NA,NA,NA,NA,2020-02-27
"Melilla","27/2/2020",0,0,NA,NA,NA,NA,NA,2020-02-27
"Murcia","27/2/2020",0,0,NA,NA,NA,NA,NA,2020-02-27
"Navarra","27/2/2020",0,0,NA,NA,NA,NA,NA,2020-02-27
"País Vasco","27/2/2020",0,0,NA,NA,NA,NA,NA,2020-02-27
"La Rioja","27/2/2020",0,0,NA,NA,NA,NA,NA,2020-02-27
"Andalucía","28/2/2020",8,8,NA,NA,NA,NA,NA,2020-02-28
"Aragón","28/2/2020",0,0,NA,NA,NA,NA,NA,2020-02-28
"Asturias","28/2/2020",0,0,NA,NA,NA,NA,NA,2020-02-28
"Baleares","28/2/2020",2,2,NA,NA,NA,NA,NA,2020-02-28
"Canarias","28/2/2020",6,6,NA,NA,NA,NA,NA,2020-02-28
"Cantabria","28/2/2020",0,0,NA,NA,NA,NA,NA,2020-02-28
"Castilla-La Mancha","28/2/2020",0,0,NA,NA,NA,NA,NA,2020-02-28
"Castilla y León","28/2/2020",2,2,NA,NA,NA,NA,NA,2020-02-28
"Cataluña","28/2/2020",5,5,NA,NA,NA,NA,NA,2020-02-28
"Ceuta","28/2/2020",0,0,NA,NA,NA,NA,NA,2020-02-28
"C. Valenciana","28/2/2020",10,10,NA,78,3,NA,NA,2020-02-28
"Extremadura","28/2/2020",0,0,NA,NA,NA,NA,NA,2020-02-28
"Galicia","28/2/2020",0,0,NA,NA,NA,NA,NA,2020-02-28
"Madrid","28/2/2020",19,19,NA,NA,NA,NA,NA,2020-02-28
"Melilla","28/2/2020",0,0,NA,NA,NA,NA,NA,2020-02-28
"Murcia","28/2/2020",0,0,NA,NA,NA,NA,NA,2020-02-28
"Navarra","28/2/2020",0,0,NA,NA,NA,NA,NA,2020-02-28
"País Vasco","28/2/2020",2,2,NA,NA,NA,NA,NA,2020-02-28
"La Rioja","28/2/2020",0,0,NA,NA,NA,NA,NA,2020-02-28
"Andalucía","29/2/2020",12,12,NA,NA,NA,NA,NA,2020-02-29
"Aragón","29/2/2020",0,0,NA,NA,NA,NA,NA,2020-02-29
"Asturias","29/2/2020",1,1,NA,NA,NA,NA,NA,2020-02-29
"Baleares","29/2/2020",2,2,NA,NA,NA,NA,NA,2020-02-29
"Canarias","29/2/2020",7,7,NA,NA,NA,NA,NA,2020-02-29
"Cantabria","29/2/2020",1,1,NA,NA,NA,NA,NA,2020-02-29
"Castilla-La Mancha","29/2/2020",1,1,NA,NA,NA,NA,NA,2020-02-29
"Castilla y León","29/2/2020",3,3,NA,NA,NA,NA,NA,2020-02-29
"Cataluña","29/2/2020",6,6,NA,NA,NA,NA,NA,2020-02-29
"Ceuta","29/2/2020",0,0,NA,NA,NA,NA,NA,2020-02-29
"C. Valenciana","29/2/2020",15,15,NA,85,3,NA,NA,2020-02-29
"Extremadura","29/2/2020",4,4,NA,NA,NA,NA,NA,2020-02-29
"Galicia","29/2/2020",0,0,NA,NA,NA,NA,NA,2020-02-29
"Madrid","29/2/2020",26,26,NA,NA,NA,NA,NA,2020-02-29
"Melilla","29/2/2020",0,0,NA,NA,NA,NA,NA,2020-02-29
"Murcia","29/2/2020",0,0,NA,NA,NA,NA,NA,2020-02-29
"Navarra","29/2/2020",1,1,NA,NA,NA,NA,NA,2020-02-29
"País Vasco","29/2/2020",3,3,NA,NA,NA,NA,NA,2020-02-29
"La Rioja","29/2/2020",0,0,NA,NA,NA,NA,NA,2020-02-29
"Andalucía","1/3/2020",12,12,NA,NA,NA,NA,NA,2020-03-01
"Aragón","1/3/2020",0,0,NA,NA,NA,NA,NA,2020-03-01
"Asturias","1/3/2020",1,1,NA,NA,NA,NA,NA,2020-03-01
"Baleares","1/3/2020",2,2,NA,NA,NA,NA,NA,2020-03-01
"Canarias","1/3/2020",7,7,NA,NA,NA,NA,NA,2020-03-01
"Cantabria","1/3/2020",10,10,NA,NA,NA,NA,NA,2020-03-01
"Castilla-La Mancha","1/3/2020",3,3,NA,NA,NA,NA,NA,2020-03-01
"Castilla y León","1/3/2020",3,3,NA,NA,NA,NA,NA,2020-03-01
"Cataluña","1/3/2020",15,15,NA,NA,NA,NA,NA,2020-03-01
"Ceuta","1/3/2020",0,0,NA,NA,NA,NA,NA,2020-03-01
"C. Valenciana","1/3/2020",15,15,NA,88,3,NA,NA,2020-03-01
"Extremadura","1/3/2020",6,6,NA,NA,NA,NA,NA,2020-03-01
"Galicia","1/3/2020",0,0,NA,NA,NA,NA,NA,2020-03-01
"Madrid","1/3/2020",51,51,NA,NA,NA,NA,NA,2020-03-01
"Melilla","1/3/2020",0,0,NA,NA,NA,NA,NA,2020-03-01
"Murcia","1/3/2020",0,0,NA,NA,NA,NA,NA,2020-03-01
"Navarra","1/3/2020",1,1,NA,NA,NA,NA,NA,2020-03-01
"País Vasco","1/3/2020",9,9,NA,NA,NA,NA,NA,2020-03-01
"La Rioja","1/3/2020",1,1,NA,NA,NA,NA,NA,2020-03-01
"Andalucía","2/3/2020",12,12,NA,NA,NA,NA,NA,2020-03-02
"Aragón","2/3/2020",0,0,NA,NA,NA,NA,NA,2020-03-02
"Asturias","2/3/2020",1,1,NA,NA,NA,NA,NA,2020-03-02
"Baleares","2/3/2020",2,2,NA,NA,NA,NA,NA,2020-03-02
"Canarias","2/3/2020",7,7,NA,NA,NA,NA,NA,2020-03-02
"Cantabria","2/3/2020",10,10,NA,NA,NA,NA,NA,2020-03-02
"Castilla-La Mancha","2/3/2020",7,7,NA,NA,NA,NA,NA,2020-03-02
"Castilla y León","2/3/2020",8,8,NA,NA,NA,NA,NA,2020-03-02
"Cataluña","2/3/2020",15,15,NA,NA,NA,NA,NA,2020-03-02
"Ceuta","2/3/2020",0,0,NA,NA,NA,NA,NA,2020-03-02
"C. Valenciana","2/3/2020",15,15,NA,93,3,NA,NA,2020-03-02
"Extremadura","2/3/2020",6,6,NA,NA,NA,NA,NA,2020-03-02
"Galicia","2/3/2020",0,0,NA,NA,NA,NA,NA,2020-03-02
"Madrid","2/3/2020",93,93,NA,NA,NA,NA,NA,2020-03-02
"Melilla","2/3/2020",0,0,NA,NA,NA,NA,NA,2020-03-02
"Murcia","2/3/2020",0,0,NA,NA,NA,NA,NA,2020-03-02
"Navarra","2/3/2020",1,1,NA,NA,NA,NA,NA,2020-03-02
"País Vasco","2/3/2020",13,13,NA,NA,NA,NA,NA,2020-03-02
"La Rioja","2/3/2020",2,2,NA,NA,NA,NA,NA,2020-03-02
"Andalucía","3/3/2020",12,12,NA,NA,NA,NA,NA,2020-03-03
"Aragón","3/3/2020",0,0,NA,NA,NA,NA,NA,2020-03-03
"Asturias","3/3/2020",3,3,NA,NA,NA,NA,NA,2020-03-03
"Baleares","3/3/2020",5,5,NA,NA,NA,NA,NA,2020-03-03
"Canarias","3/3/2020",7,7,NA,NA,NA,NA,NA,2020-03-03
"Cantabria","3/3/2020",10,10,NA,NA,NA,NA,NA,2020-03-03
"Castilla-La Mancha","3/3/2020",12,12,NA,NA,NA,NA,NA,2020-03-03
"Castilla y León","3/3/2020",11,11,NA,NA,NA,NA,NA,2020-03-03
"Cataluña","3/3/2020",15,15,NA,NA,NA,NA,NA,2020-03-03
"Ceuta","3/3/2020",0,0,NA,NA,NA,NA,NA,2020-03-03
"C. Valenciana","3/3/2020",19,19,NA,105,5,NA,NA,2020-03-03
"Extremadura","3/3/2020",6,6,NA,NA,NA,NA,NA,2020-03-03
"Galicia","3/3/2020",1,1,NA,NA,NA,NA,NA,2020-03-03
"Madrid","3/3/2020",139,139,NA,NA,NA,NA,NA,2020-03-03
"Melilla","3/3/2020",0,0,NA,NA,NA,NA,NA,2020-03-03
"Murcia","3/3/2020",0,0,NA,NA,NA,NA,NA,2020-03-03
"Navarra","3/3/2020",3,3,NA,NA,NA,NA,NA,2020-03-03
"País Vasco","3/3/2020",17,17,NA,NA,NA,NA,NA,2020-03-03
"La Rioja","3/3/2020",7,7,NA,NA,NA,NA,NA,2020-03-03
"Andalucía","4/3/2020",12,12,NA,NA,NA,NA,NA,2020-03-04
"Aragón","4/3/2020",1,1,NA,NA,NA,NA,NA,2020-03-04
"Asturias","4/3/2020",4,4,NA,NA,NA,NA,NA,2020-03-04
"Baleares","4/3/2020",6,6,NA,NA,NA,NA,NA,2020-03-04
"Canarias","4/3/2020",8,8,NA,NA,NA,NA,NA,2020-03-04
"Cantabria","4/3/2020",10,10,NA,NA,NA,NA,NA,2020-03-04
"Castilla-La Mancha","4/3/2020",13,13,NA,NA,NA,NA,NA,2020-03-04
"Castilla y León","4/3/2020",11,11,NA,NA,NA,NA,NA,2020-03-04
"Cataluña","4/3/2020",24,24,NA,NA,NA,NA,NA,2020-03-04
"Ceuta","4/3/2020",0,0,NA,NA,NA,NA,NA,2020-03-04
"C. Valenciana","4/3/2020",19,19,NA,117,6,NA,NA,2020-03-04
"Extremadura","4/3/2020",6,6,NA,NA,NA,NA,NA,2020-03-04
"Galicia","4/3/2020",1,1,NA,NA,NA,NA,NA,2020-03-04
"Madrid","4/3/2020",193,193,NA,NA,NA,NA,NA,2020-03-04
"Melilla","4/3/2020",0,0,NA,NA,NA,NA,NA,2020-03-04
"Murcia","4/3/2020",0,0,NA,NA,NA,NA,NA,2020-03-04
"Navarra","4/3/2020",3,3,NA,NA,NA,NA,NA,2020-03-04
"País Vasco","4/3/2020",17,17,NA,NA,NA,NA,NA,2020-03-04
"La Rioja","4/3/2020",17,17,NA,NA,NA,NA,NA,2020-03-04
"Andalucía","5/3/2020",21,21,NA,NA,NA,NA,NA,2020-03-05
"Aragón","5/3/2020",6,6,NA,NA,NA,NA,NA,2020-03-05
"Asturias","5/3/2020",5,5,NA,NA,NA,NA,NA,2020-03-05
"Baleares","5/3/2020",6,6,NA,NA,NA,NA,NA,2020-03-05
"Canarias","5/3/2020",11,11,NA,NA,NA,NA,NA,2020-03-05
"Cantabria","5/3/2020",10,10,NA,NA,NA,NA,NA,2020-03-05
"Castilla-La Mancha","5/3/2020",15,15,NA,NA,NA,NA,NA,2020-03-05
"Castilla y León","5/3/2020",14,14,NA,NA,NA,NA,NA,2020-03-05
"Cataluña","5/3/2020",24,24,NA,NA,NA,NA,NA,2020-03-05
"Ceuta","5/3/2020",0,0,NA,NA,NA,NA,NA,2020-03-05
"C. Valenciana","5/3/2020",30,30,NA,130,8,NA,NA,2020-03-05
"Extremadura","5/3/2020",6,6,NA,NA,NA,NA,NA,2020-03-05
"Galicia","5/3/2020",3,3,NA,NA,NA,NA,NA,2020-03-05
"Madrid","5/3/2020",305,305,NA,NA,NA,NA,NA,2020-03-05
"Melilla","5/3/2020",0,0,NA,NA,NA,NA,NA,2020-03-05
"Murcia","5/3/2020",0,0,NA,NA,NA,NA,NA,2020-03-05
"Navarra","5/3/2020",3,3,NA,NA,NA,NA,NA,2020-03-05
"País Vasco","5/3/2020",45,45,NA,NA,NA,NA,NA,2020-03-05
"La Rioja","5/3/2020",29,29,NA,NA,NA,NA,NA,2020-03-05
"Andalucía","6/3/2020",27,27,NA,NA,NA,NA,NA,2020-03-06
"Aragón","6/3/2020",11,11,NA,NA,NA,NA,NA,2020-03-06
"Asturias","6/3/2020",7,7,NA,NA,NA,NA,NA,2020-03-06
"Baleares","6/3/2020",6,6,NA,NA,NA,NA,NA,2020-03-06
"Canarias","6/3/2020",11,11,NA,NA,NA,NA,NA,2020-03-06
"Cantabria","6/3/2020",10,10,NA,NA,NA,NA,NA,2020-03-06
"Castilla-La Mancha","6/3/2020",15,15,NA,NA,NA,NA,NA,2020-03-06
"Castilla y León","6/3/2020",14,14,NA,NA,NA,NA,NA,2020-03-06
"Cataluña","6/3/2020",24,24,NA,NA,NA,NA,NA,2020-03-06
"Ceuta","6/3/2020",0,0,NA,NA,NA,NA,NA,2020-03-06
"C. Valenciana","6/3/2020",30,30,NA,138,8,NA,NA,2020-03-06
"Extremadura","6/3/2020",6,6,NA,NA,NA,NA,NA,2020-03-06
"Galicia","6/3/2020",3,3,NA,NA,NA,NA,NA,2020-03-06
"Madrid","6/3/2020",508,508,NA,NA,NA,NA,NA,2020-03-06
"Melilla","6/3/2020",0,0,NA,NA,NA,NA,NA,2020-03-06
"Murcia","6/3/2020",0,0,NA,NA,NA,NA,NA,2020-03-06
"Navarra","6/3/2020",3,3,NA,NA,NA,NA,NA,2020-03-06
"País Vasco","6/3/2020",45,45,NA,NA,NA,NA,NA,2020-03-06
"La Rioja","6/3/2020",47,47,NA,NA,NA,NA,NA,2020-03-06
"Andalucía","7/3/2020",34,34,NA,NA,NA,NA,NA,2020-03-07
"Aragón","7/3/2020",11,11,NA,NA,NA,NA,NA,2020-03-07
"Asturias","7/3/2020",8,8,NA,NA,NA,NA,NA,2020-03-07
"Baleares","7/3/2020",8,8,NA,NA,NA,NA,NA,2020-03-07
"Canarias","7/3/2020",17,17,NA,NA,NA,NA,NA,2020-03-07
"Cantabria","7/3/2020",12,12,NA,NA,NA,NA,NA,2020-03-07
"Castilla-La Mancha","7/3/2020",15,15,NA,NA,NA,NA,NA,2020-03-07
"Castilla y León","7/3/2020",22,22,NA,NA,NA,NA,NA,2020-03-07
"Cataluña","7/3/2020",49,49,NA,NA,NA,NA,NA,2020-03-07
"Ceuta","7/3/2020",0,0,NA,NA,NA,NA,NA,2020-03-07
"C. Valenciana","7/3/2020",37,37,NA,146,9,NA,NA,2020-03-07
"Extremadura","7/3/2020",6,6,NA,NA,NA,NA,NA,2020-03-07
"Galicia","7/3/2020",5,5,NA,NA,NA,NA,NA,2020-03-07
"Madrid","7/3/2020",729,729,NA,NA,NA,NA,NA,2020-03-07
"Melilla","7/3/2020",0,0,NA,NA,NA,NA,NA,2020-03-07
"Murcia","7/3/2020",1,1,NA,NA,NA,NA,NA,2020-03-07
"Navarra","7/3/2020",3,3,NA,NA,NA,NA,NA,2020-03-07
"País Vasco","7/3/2020",70,70,NA,NA,NA,NA,NA,2020-03-07
"La Rioja","7/3/2020",70,70,NA,NA,NA,NA,NA,2020-03-07
"Andalucía","8/3/2020",54,54,NA,NA,1,0,11,2020-03-08
"Aragón","8/3/2020",13,13,NA,NA,3,3,NA,2020-03-08
"Asturias","8/3/2020",10,10,NA,NA,2,0,NA,2020-03-08
"Baleares","8/3/2020",11,11,NA,NA,1,0,2,2020-03-08
"Canarias","8/3/2020",22,22,NA,NA,0,0,4,2020-03-08
"Cantabria","8/3/2020",12,12,NA,NA,0,0,NA,2020-03-08
"Castilla-La Mancha","8/3/2020",26,26,NA,NA,2,0,2,2020-03-08
"Castilla y León","8/3/2020",23,23,NA,NA,2,0,NA,2020-03-08
"Cataluña","8/3/2020",59,59,NA,16,5,2,2,2020-03-08
"Ceuta","8/3/2020",0,0,NA,NA,0,0,NA,2020-03-08
"C. Valenciana","8/3/2020",37,37,NA,153,9,1,1,2020-03-08
"Extremadura","8/3/2020",7,7,NA,NA,0,0,1,2020-03-08
"Galicia","8/3/2020",6,6,NA,NA,2,0,NA,2020-03-08
"Madrid","8/3/2020",992,992,NA,NA,53,16,NA,2020-03-08
"Melilla","8/3/2020",0,0,NA,NA,0,0,NA,2020-03-08
"Murcia","8/3/2020",4,4,NA,NA,0,0,NA,2020-03-08
"Navarra","8/3/2020",3,3,NA,NA,1,0,NA,2020-03-08
"País Vasco","8/3/2020",149,149,NA,NA,5,6,2,2020-03-08
"La Rioja","8/3/2020",102,102,NA,NA,1,0,NA,2020-03-08
"Andalucía","9/3/2020",71,71,NA,NA,1,0,11,2020-03-09
"Aragón","9/3/2020",38,38,NA,NA,3,4,0,2020-03-09
"Asturias","9/3/2020",21,21,NA,NA,2,0,1,2020-03-09
"Baleares","9/3/2020",13,13,NA,NA,1,0,3,2020-03-09
"Canarias","9/3/2020",25,25,NA,NA,1,0,5,2020-03-09
"Cantabria","9/3/2020",12,12,NA,NA,0,0,NA,2020-03-09
"Castilla-La Mancha","9/3/2020",39,39,NA,NA,3,0,2,2020-03-09
"Castilla y León","9/3/2020",56,56,NA,NA,2,0,NA,2020-03-09
"Cataluña","9/3/2020",82,82,NA,31,7,2,5,2020-03-09
"Ceuta","9/3/2020",0,0,NA,NA,0,0,NA,2020-03-09
"C. Valenciana","9/3/2020",50,50,NA,171,10,1,1,2020-03-09
"Extremadura","9/3/2020",8,8,NA,NA,0,0,1,2020-03-09
"Galicia","9/3/2020",22,22,NA,NA,2,0,NA,2020-03-09
"Madrid","9/3/2020",1495,1495,NA,NA,77,21,109,2020-03-09
"Melilla","9/3/2020",0,0,NA,NA,0,0,NA,2020-03-09
"Murcia","9/3/2020",9,9,NA,NA,0,0,NA,2020-03-09
"Navarra","9/3/2020",12,12,NA,NA,2,0,NA,2020-03-09
"País Vasco","9/3/2020",195,195,NA,NA,5,6,2,2020-03-09
"La Rioja","9/3/2020",155,155,NA,NA,1,1,NA,2020-03-09
"Andalucía","10/3/2020",90,90,NA,32,3,0,11,2020-03-10
"Aragón","10/3/2020",45,45,NA,22,3,4,0,2020-03-10
"Asturias","10/3/2020",37,37,NA,12,2,0,1,2020-03-10
"Baleares","10/3/2020",16,16,NA,8,1,0,1,2020-03-10
"Canarias","10/3/2020",37,37,NA,10,1,0,5,2020-03-10
"Cantabria","10/3/2020",12,12,NA,0,0,0,0,2020-03-10
"Castilla-La Mancha","10/3/2020",71,71,NA,0,5,0,2,2020-03-10
"Castilla y León","10/3/2020",71,71,NA,14,2,0,0,2020-03-10
"Cataluña","10/3/2020",123,123,NA,50,8,3,6,2020-03-10
"Ceuta","10/3/2020",0,0,NA,0,0,0,0,2020-03-10
"C. Valenciana","10/3/2020",65,65,NA,200,12,1,1,2020-03-10
"Extremadura","10/3/2020",9,9,NA,2,1,1,1,2020-03-10
"Galicia","10/3/2020",35,35,NA,7,2,0,0,2020-03-10
"Madrid","10/3/2020",2198,2198,NA,0,102,31,157,2020-03-10
"Melilla","10/3/2020",0,0,NA,0,0,0,0,2020-03-10
"Murcia","10/3/2020",11,11,NA,4,0,0,0,2020-03-10
"Navarra","10/3/2020",46,46,NA,10,3,0,0,2020-03-10
"País Vasco","10/3/2020",225,225,NA,102,15,6,2,2020-03-10
"La Rioja","10/3/2020",185,185,NA,13,1,2,1,2020-03-10
"Andalucía","11/3/2020",115,115,NA,50,4,0,11,2020-03-11
"Aragón","11/3/2020",64,64,NA,28,3,6,0,2020-03-11
"Asturias","11/3/2020",45,45,NA,12,2,1,1,2020-03-11
"Baleares","11/3/2020",22,22,NA,8,2,1,1,2020-03-11
"Canarias","11/3/2020",51,51,NA,15,3,0,5,2020-03-11
"Cantabria","11/3/2020",16,16,NA,3,0,0,6,2020-03-11
"Castilla-La Mancha","11/3/2020",115,115,NA,39,9,1,2,2020-03-11
"Castilla y León","11/3/2020",92,92,NA,24,2,0,0,2020-03-11
"Cataluña","11/3/2020",202,202,NA,74,16,6,12,2020-03-11
"Ceuta","11/3/2020",0,0,NA,0,0,0,0,2020-03-11
"C. Valenciana","11/3/2020",76,76,NA,232,15,1,1,2020-03-11
"Extremadura","11/3/2020",19,19,NA,2,1,1,3,2020-03-11
"Galicia","11/3/2020",35,35,NA,7,2,0,0,2020-03-11
"Madrid","11/3/2020",2922,2922,NA,0,135,56,157,2020-03-11
"Melilla","11/3/2020",0,0,NA,0,0,0,0,2020-03-11
"Murcia","11/3/2020",26,26,NA,5,1,0,0,2020-03-11
"Navarra","11/3/2020",73,73,NA,17,3,0,0,2020-03-11
"País Vasco","11/3/2020",346,346,NA,146,18,11,1,2020-03-11
"La Rioja","11/3/2020",220,220,NA,21,1,2,1,2020-03-11
"Andalucía","12/3/2020",219,219,NA,92,8,0,0,2020-03-12
"Aragón","12/3/2020",80,80,NA,30,3,7,0,2020-03-12
"Asturias","12/3/2020",62,62,NA,16,2,1,1,2020-03-12
"Baleares","12/3/2020",28,28,NA,9,2,1,1,2020-03-12
"Canarias","12/3/2020",70,70,NA,15,3,0,5,2020-03-12
"Cantabria","12/3/2020",29,29,NA,3,0,0,7,2020-03-12
"Castilla-La Mancha","12/3/2020",194,194,NA,78,10,5,1,2020-03-12
"Castilla y León","12/3/2020",169,169,NA,25,4,0,1,2020-03-12
"Cataluña","12/3/2020",349,349,NA,137,22,9,19,2020-03-12
"Ceuta","12/3/2020",0,0,NA,0,0,0,0,2020-03-12
"C. Valenciana","12/3/2020",94,94,NA,271,22,1,2,2020-03-12
"Extremadura","12/3/2020",39,39,NA,3,1,1,3,2020-03-12
"Galicia","12/3/2020",85,85,NA,15,2,0,0,2020-03-12
"Madrid","12/3/2020",3705,3705,NA,1304,180,81,157,2020-03-12
"Melilla","12/3/2020",2,2,NA,3,0,0,0,2020-03-12
"Murcia","12/3/2020",35,35,NA,8,2,0,0,2020-03-12
"Navarra","12/3/2020",130,130,NA,28,4,0,0,2020-03-12
"País Vasco","12/3/2020",417,417,NA,179,20,14,2,2020-03-12
"La Rioja","12/3/2020",259,259,NA,27,2,3,1,2020-03-12
"Andalucía","13/3/2020",269,269,NA,92,8,2,0,2020-03-13
"Aragón","13/3/2020",121,121,NA,42,5,7,0,2020-03-13
"Asturias","13/3/2020",100,100,NA,16,2,1,1,2020-03-13
"Baleares","13/3/2020",28,28,NA,9,2,1,1,2020-03-13
"Canarias","13/3/2020",90,90,NA,15,6,1,7,2020-03-13
"Cantabria","13/3/2020",31,31,NA,3,0,0,7,2020-03-13
"Castilla-La Mancha","13/3/2020",289,289,NA,78,10,6,5,2020-03-13
"Castilla y León","13/3/2020",223,223,NA,25,8,1,2,2020-03-13
"Cataluña","13/3/2020",558,558,NA,200,29,13,32,2020-03-13
"Ceuta","13/3/2020",0,0,NA,0,0,0,0,2020-03-13
"C. Valenciana","13/3/2020",130,130,NA,307,29,4,2,2020-03-13
"Extremadura","13/3/2020",66,66,NA,3,1,2,4,2020-03-13
"Galicia","13/3/2020",115,115,NA,32,7,0,3,2020-03-13
"Madrid","13/3/2020",4645,4645,NA,1518,180,86,474,2020-03-13
"Melilla","13/3/2020",3,3,NA,3,0,0,0,2020-03-13
"Murcia","13/3/2020",47,47,NA,8,2,0,0,2020-03-13
"Navarra","13/3/2020",146,146,NA,28,4,0,0,2020-03-13
"País Vasco","13/3/2020",521,521,NA,179,22,14,5,2020-03-13
"La Rioja","13/3/2020",292,292,NA,38,2,3,1,2020-03-13
"Andalucía","14/3/2020",437,437,NA,92,8,6,0,2020-03-14
"Aragón","14/3/2020",147,147,NA,59,5,7,0,2020-03-14
"Asturias","14/3/2020",145,145,NA,16,3,1,1,2020-03-14
"Baleares","14/3/2020",42,42,NA,9,2,1,1,2020-03-14
"Canarias","14/3/2020",109,109,NA,15,6,1,7,2020-03-14
"Cantabria","14/3/2020",51,51,NA,3,0,0,10,2020-03-14
"Castilla-La Mancha","14/3/2020",401,401,NA,78,10,10,5,2020-03-14
"Castilla y León","14/3/2020",292,292,NA,45,8,3,3,2020-03-14
"Cataluña","14/3/2020",742,742,NA,287,40,15,39,2020-03-14
"Ceuta","14/3/2020",1,1,NA,0,0,0,0,2020-03-14
"C. Valenciana","14/3/2020",409,409,NA,339,37,5,2,2020-03-14
"Extremadura","14/3/2020",95,95,NA,8,1,2,4,2020-03-14
"Galicia","14/3/2020",195,195,NA,32,8,2,4,2020-03-14
"Madrid","14/3/2020",5544,5544,NA,2337,253,213,474,2020-03-14
"Melilla","14/3/2020",8,8,NA,4,0,0,0,2020-03-14
"Murcia","14/3/2020",71,71,NA,13,2,0,0,2020-03-14
"Navarra","14/3/2020",183,183,NA,34,4,0,0,2020-03-14
"País Vasco","14/3/2020",630,630,NA,262,29,23,5,2020-03-14
"La Rioja","14/3/2020",300,300,NA,58,7,3,1,2020-03-14
"Andalucía","15/3/2020",554,554,NA,197,11,7,0,2020-03-15
"Aragón","15/3/2020",174,174,NA,64,7,11,0,2020-03-15
"Asturias","15/3/2020",190,190,NA,16,3,1,3,2020-03-15
"Baleares","15/3/2020",73,73,NA,21,4,1,1,2020-03-15
"Canarias","15/3/2020",119,119,NA,40,9,1,7,2020-03-15
"Cantabria","15/3/2020",58,58,NA,18,2,0,10,2020-03-15
"Castilla-La Mancha","15/3/2020",567,567,NA,207,23,17,12,2020-03-15
"Castilla y León","15/3/2020",334,334,NA,45,8,6,5,2020-03-15
"Cataluña","15/3/2020",1017,1017,NA,375,52,20,45,2020-03-15
"Ceuta","15/3/2020",1,1,NA,0,0,0,0,2020-03-15
"C. Valenciana","15/3/2020",409,409,NA,390,47,5,2,2020-03-15
"Extremadura","15/3/2020",111,111,NA,9,1,2,4,2020-03-15
"Galicia","15/3/2020",245,245,NA,49,9,2,4,2020-03-15
"Madrid","15/3/2020",6356,6356,NA,2337,253,213,474,2020-03-15
"Melilla","15/3/2020",8,8,NA,4,0,0,0,2020-03-15
"Murcia","15/3/2020",77,77,NA,13,2,0,1,2020-03-15
"Navarra","15/3/2020",274,274,NA,58,5,1,0,2020-03-15
"País Vasco","15/3/2020",630,630,NA,262,29,23,5,2020-03-15
"La Rioja","15/3/2020",312,312,NA,64,13,4,2,2020-03-15
"Andalucía","16/3/2020",683,683,NA,229,13,11,0,2020-03-16
"Aragón","16/3/2020",207,207,NA,74,9,12,0,2020-03-16
"Asturias","16/3/2020",236,236,NA,34,5,1,3,2020-03-16
"Baleares","16/3/2020",92,92,NA,26,4,1,1,2020-03-16
"Canarias","16/3/2020",148,148,NA,56,13,2,8,2020-03-16
"Cantabria","16/3/2020",58,58,NA,18,2,0,10,2020-03-16
"Castilla-La Mancha","16/3/2020",567,567,NA,207,23,17,12,2020-03-16
"Castilla y León","16/3/2020",431,431,NA,95,24,12,5,2020-03-16
"Cataluña","16/3/2020",1414,1414,NA,525,73,23,58,2020-03-16
"Ceuta","16/3/2020",1,1,NA,0,0,0,0,2020-03-16
"C. Valenciana","16/3/2020",541,541,NA,456,52,13,12,2020-03-16
"Extremadura","16/3/2020",153,153,NA,18,2,3,5,2020-03-16
"Galicia","16/3/2020",292,292,NA,49,9,3,7,2020-03-16
"Madrid","16/3/2020",7615,7615,NA,3710,340,355,951,2020-03-16
"Melilla","16/3/2020",17,17,NA,4,0,0,0,2020-03-16
"Murcia","16/3/2020",97,97,NA,18,3,0,1,2020-03-16
"Navarra","16/3/2020",313,313,NA,72,10,2,0,2020-03-16
"País Vasco","16/3/2020",765,765,NA,309,33,36,11,2020-03-16
"La Rioja","16/3/2020",355,355,NA,82,13,5,2,2020-03-16
"Andalucía","17/3/2020",859,859,NA,319,21,19,38,2020-03-17
"Aragón","17/3/2020",226,226,NA,81,9,13,0,2020-03-17
"Asturias","17/3/2020",280,280,NA,45,5,1,4,2020-03-17
"Baleares","17/3/2020",112,112,NA,29,4,1,4,2020-03-17
"Canarias","17/3/2020",181,181,NA,73,17,3,8,2020-03-17
"Cantabria","17/3/2020",68,68,NA,25,3,1,10,2020-03-17
"Castilla-La Mancha","17/3/2020",675,675,NA,277,29,28,15,2020-03-17
"Castilla y León","17/3/2020",668,668,NA,281,43,22,5,2020-03-17
"Cataluña","17/3/2020",1866,1866,NA,679,101,33,79,2020-03-17
"Ceuta","17/3/2020",1,1,NA,0,0,0,0,2020-03-17
"C. Valenciana","17/3/2020",726,726,NA,530,65,22,16,2020-03-17
"Extremadura","17/3/2020",194,194,NA,27,3,6,6,2020-03-17
"Galicia","17/3/2020",341,341,NA,63,12,3,7,2020-03-17
"Madrid","17/3/2020",9561,9561,NA,3778,491,390,951,2020-03-17
"Melilla","17/3/2020",20,20,NA,4,0,0,0,2020-03-17
"Murcia","17/3/2020",122,122,NA,22,4,0,1,2020-03-17
"Navarra","17/3/2020",386,386,NA,93,10,3,0,2020-03-17
"País Vasco","17/3/2020",973,973,NA,353,37,40,14,2020-03-17
"La Rioja","17/3/2020",419,419,NA,99,13,5,2,2020-03-17
"Andalucía","18/3/2020",1008,1008,NA,384,25,23,33,2020-03-18
"Aragón","18/3/2020",281,281,NA,101,14,15,0,2020-03-18
"Asturias","18/3/2020",336,336,NA,61,6,1,4,2020-03-18
"Baleares","18/3/2020",169,169,NA,31,7,2,6,2020-03-18
"Canarias","18/3/2020",220,220,NA,82,23,3,9,2020-03-18
"Cantabria","18/3/2020",83,83,NA,40,4,1,10,2020-03-18
"Castilla-La Mancha","18/3/2020",801,801,NA,313,37,42,27,2020-03-18
"Castilla y León","18/3/2020",868,868,NA,362,54,29,27,2020-03-18
"Cataluña","18/3/2020",2702,2702,NA,825,118,53,103,2020-03-18
"Ceuta","18/3/2020",1,1,NA,0,0,0,0,2020-03-18
"C. Valenciana","18/3/2020",921,921,NA,647,85,24,19,2020-03-18
"Extremadura","18/3/2020",241,241,NA,36,3,8,6,2020-03-18
"Galicia","18/3/2020",453,453,NA,100,15,4,4,2020-03-18
"Madrid","18/3/2020",11309,11309,NA,5168,590,498,941,2020-03-18
"Melilla","18/3/2020",23,23,NA,4,0,0,0,2020-03-18
"Murcia","18/3/2020",167,167,NA,36,6,0,1,2020-03-18
"Navarra","18/3/2020",482,482,NA,132,11,4,0,2020-03-18
"País Vasco","18/3/2020",1190,1190,NA,455,44,53,18,2020-03-18
"La Rioja","18/3/2020",468,468,NA,121,15,5,2,2020-03-18
"Andalucía","19/3/2020",1287,1287,NA,501,38,30,36,2020-03-19
"Aragón","19/3/2020",360,360,NA,127,28,17,0,2020-03-19
"Asturias","19/3/2020",469,469,NA,87,7,2,12,2020-03-19
"Baleares","19/3/2020",203,203,NA,48,10,2,10,2020-03-19
"Canarias","19/3/2020",287,287,NA,115,25,4,9,2020-03-19
"Cantabria","19/3/2020",144,144,NA,61,7,1,10,2020-03-19
"Castilla-La Mancha","19/3/2020",1044,1044,NA,313,37,42,27,2020-03-19
"Castilla y León","19/3/2020",1147,1147,NA,476,69,43,37,2020-03-19
"Cataluña","19/3/2020",3270,3270,NA,994,175,93,147,2020-03-19
"Ceuta","19/3/2020",5,5,NA,0,0,0,0,2020-03-19
"C. Valenciana","19/3/2020",1105,1105,NA,777,101,33,20,2020-03-19
"Extremadura","19/3/2020",297,297,NA,44,4,10,7,2020-03-19
"Galicia","19/3/2020",578,578,NA,138,19,5,5,2020-03-19
"Madrid","19/3/2020",13353,13353,NA,6338,678,628,1186,2020-03-19
"Melilla","19/3/2020",24,24,NA,5,1,0,0,2020-03-19
"Murcia","19/3/2020",204,204,NA,47,11,0,1,2020-03-19
"Navarra","19/3/2020",554,554,NA,172,19,5,1,2020-03-19
"País Vasco","19/3/2020",1465,1465,NA,550,53,71,21,2020-03-19
"La Rioja","19/3/2020",497,497,NA,122,15,7,13,2020-03-19
"Andalucía","20/3/2020",1515,1515,NA,605,53,40,36,2020-03-20
"Aragón","20/3/2020",424,424,NA,192,33,22,0,2020-03-20
"Asturias","20/3/2020",545,545,NA,133,12,5,16,2020-03-20
"Baleares","20/3/2020",246,246,NA,60,14,4,11,2020-03-20
"Canarias","20/3/2020",348,348,NA,139,29,7,7,2020-03-20
"Cantabria","20/3/2020",215,215,NA,92,9,2,11,2020-03-20
"Castilla-La Mancha","20/3/2020",1423,1423,NA,635,65,84,38,2020-03-20
"Castilla y León","20/3/2020",1466,1466,NA,629,85,55,54,2020-03-20
"Cataluña","20/3/2020",4203,4203,NA,1681,271,122,192,2020-03-20
"Ceuta","20/3/2020",5,5,NA,0,0,0,0,2020-03-20
"C. Valenciana","20/3/2020",1363,1363,NA,947,129,50,25,2020-03-20
"Extremadura","20/3/2020",354,354,NA,65,6,12,8,2020-03-20
"Galicia","20/3/2020",739,739,NA,168,29,9,6,2020-03-20
"Madrid","20/3/2020",15676,15676,NA,7388,767,804,1542,2020-03-20
"Melilla","20/3/2020",25,25,NA,8,1,0,0,2020-03-20
"Murcia","20/3/2020",240,240,NA,61,14,1,1,2020-03-20
"Navarra","20/3/2020",664,664,NA,222,25,9,1,2020-03-20
"País Vasco","20/3/2020",1725,1725,NA,654,71,85,165,2020-03-20
"La Rioja","20/3/2020",564,564,NA,128,17,15,18,2020-03-20
"Andalucía","21/3/2020",1725,1725,NA,724,55,47,38,2020-03-21
"Aragón","21/3/2020",532,532,NA,241,45,24,3,2020-03-21
"Asturias","21/3/2020",589,589,NA,171,15,8,20,2020-03-21
"Baleares","21/3/2020",331,331,NA,79,14,4,17,2020-03-21
"Canarias","21/3/2020",414,414,NA,150,32,9,7,2020-03-21
"Cantabria","21/3/2020",282,282,NA,116,9,5,11,2020-03-21
"Castilla-La Mancha","21/3/2020",1819,1819,NA,838,76,112,48,2020-03-21
"Castilla y León","21/3/2020",1744,1744,NA,798,106,74,89,2020-03-21
"Cataluña","21/3/2020",5046,5046,NA,1917,290,143,247,2020-03-21
"Ceuta","21/3/2020",5,5,NA,0,0,0,0,2020-03-21
"C. Valenciana","21/3/2020",1604,1604,NA,1136,152,69,30,2020-03-21
"Extremadura","21/3/2020",384,384,NA,87,8,14,8,2020-03-21
"Galicia","21/3/2020",915,915,NA,227,35,12,16,2020-03-21
"Madrid","21/3/2020",17346,17346,NA,8441,834,1021,1899,2020-03-21
"Melilla","21/3/2020",25,25,NA,12,1,0,0,2020-03-21
"Murcia","21/3/2020",296,296,NA,78,16,1,1,2020-03-21
"Navarra","21/3/2020",794,794,NA,288,30,14,4,2020-03-21
"País Vasco","21/3/2020",2097,2097,NA,988,81,97,216,2020-03-21
"La Rioja","21/3/2020",654,654,NA,134,17,18,18,2020-03-21
"Andalucía","22/3/2020",1961,1961,NA,865,77,58,50,2020-03-22
"Aragón","22/3/2020",638,638,NA,298,52,32,30,2020-03-22
"Asturias","22/3/2020",657,657,NA,194,22,12,21,2020-03-22
"Baleares","22/3/2020",400,400,NA,87,27,10,18,2020-03-22
"Canarias","22/3/2020",481,481,NA,172,32,11,7,2020-03-22
"Cantabria","22/3/2020",347,347,NA,157,14,6,11,2020-03-22
"Castilla-La Mancha","22/3/2020",2078,2078,NA,1547,142,145,51,2020-03-22
"Castilla y León","22/3/2020",2055,2055,NA,977,120,102,117,2020-03-22
"Cataluña","22/3/2020",5747,5747,NA,2158,308,199,402,2020-03-22
"Ceuta","22/3/2020",6,6,NA,0,0,0,0,2020-03-22
"C. Valenciana","22/3/2020",1901,1901,NA,1311,181,94,36,2020-03-22
"Extremadura","22/3/2020",493,493,NA,131,13,18,6,2020-03-22
"Galicia","22/3/2020",1208,1208,NA,270,47,18,19,2020-03-22
"Madrid","22/3/2020",18848,18848,NA,9561,942,1263,2063,2020-03-22
"Melilla","22/3/2020",28,28,NA,12,1,0,0,2020-03-22
"Murcia","22/3/2020",345,345,NA,80,23,2,1,2020-03-22
"Navarra","22/3/2020",886,886,NA,339,40,24,7,2020-03-22
"País Vasco","22/3/2020",2421,2421,NA,1252,92,120,283,2020-03-22
"La Rioja","22/3/2020",747,747,NA,166,22,22,18,2020-03-22
"Andalucía","23/3/2020",2470,2470,NA,1132,102,87,66,2020-03-23
"Aragón","23/3/2020",758,758,NA,384,66,37,3,2020-03-23
"Asturias","23/3/2020",764,764,NA,224,23,22,30,2020-03-23
"Baleares","23/3/2020",478,478,NA,127,35,10,19,2020-03-23
"Canarias","23/3/2020",557,557,NA,207,36,16,8,2020-03-23
"Cantabria","23/3/2020",425,425,NA,200,16,9,12,2020-03-23
"Castilla-La Mancha","23/3/2020",2465,2465,NA,1826,182,216,53,2020-03-23
"Castilla y León","23/3/2020",2460,2460,NA,1197,137,124,140,2020-03-23
"Cataluña","23/3/2020",7864,7864,NA,3209,471,293,631,2020-03-23
"Ceuta","23/3/2020",6,6,NA,0,0,0,0,2020-03-23
"C. Valenciana","23/3/2020",2167,2167,NA,1562,222,115,37,2020-03-23
"Extremadura","23/3/2020",636,636,NA,161,20,26,8,2020-03-23
"Galicia","23/3/2020",1415,1415,NA,338,55,20,19,2020-03-23
"Madrid","23/3/2020",21516,21516,NA,10443,1050,1535,2291,2020-03-23
"Melilla","23/3/2020",28,28,NA,12,1,0,0,2020-03-23
"Murcia","23/3/2020",385,385,NA,99,26,3,1,2020-03-23
"Navarra","23/3/2020",1014,1014,NA,405,45,31,11,2020-03-23
"País Vasco","23/3/2020",2728,2728,NA,1425,106,133,344,2020-03-23
"La Rioja","23/3/2020",802,802,NA,206,24,30,24,2020-03-23
"Andalucía","24/3/2020",3008,3008,NA,1433,116,113,71,2020-03-24
"Aragón","24/3/2020",907,907,NA,459,75,40,4,2020-03-24
"Asturias","24/3/2020",849,849,NA,263,29,25,35,2020-03-24
"Baleares","24/3/2020",562,562,NA,164,40,13,28,2020-03-24
"Canarias","24/3/2020",657,657,NA,235,43,21,15,2020-03-24
"Cantabria","24/3/2020",510,510,NA,241,18,14,12,2020-03-24
"Castilla-La Mancha","24/3/2020",2780,2780,NA,2162,210,263,71,2020-03-24
"Castilla y León","24/3/2020",2940,2940,NA,1457,170,165,213,2020-03-24
"Cataluña","24/3/2020",9937,9937,NA,4349,713,385,961,2020-03-24
"Ceuta","24/3/2020",9,9,NA,2,1,0,0,2020-03-24
"C. Valenciana","24/3/2020",2616,2616,NA,1842,255,143,44,2020-03-24
"Extremadura","24/3/2020",742,742,NA,209,28,39,8,2020-03-24
"Galicia","24/3/2020",1653,1653,NA,412,69,27,25,2020-03-24
"Madrid","24/3/2020",24404,24404,NA,11153,1150,1825,3031,2020-03-24
"Melilla","24/3/2020",38,38,NA,14,2,0,0,2020-03-24
"Murcia","24/3/2020",477,477,NA,127,33,5,4,2020-03-24
"Navarra","24/3/2020",1197,1197,NA,506,51,33,23,2020-03-24
"País Vasco","24/3/2020",3271,3271,NA,1577,119,155,466,2020-03-24
"La Rioja","24/3/2020",928,928,NA,254,33,37,43,2020-03-24
"Andalucía","25/3/2020",3404,3404,NA,1626,134,134,77,2020-03-25
"Aragón","25/3/2020",1116,1116,NA,562,93,48,4,2020-03-25
"Asturias","25/3/2020",914,914,NA,300,34,27,40,2020-03-25
"Baleares","25/3/2020",660,660,NA,205,43,17,39,2020-03-25
"Canarias","25/3/2020",784,784,NA,279,45,24,18,2020-03-25
"Cantabria","25/3/2020",671,671,NA,300,26,17,14,2020-03-25
"Castilla-La Mancha","25/3/2020",3383,3383,NA,2162,243,316,95,2020-03-25
"Castilla y León","25/3/2020",3488,3488,NA,1823,202,206,308,2020-03-25
"Cataluña","25/3/2020",11592,11592,NA,5371,764,501,1008,2020-03-25
"Ceuta","25/3/2020",10,10,NA,2,2,0,0,2020-03-25
"C. Valenciana","25/3/2020",3200,3200,NA,2097,289,167,57,2020-03-25
"Extremadura","25/3/2020",969,969,NA,241,34,58,24,2020-03-25
"Galicia","25/3/2020",1915,1915,NA,503,86,32,47,2020-03-25
"Madrid","25/3/2020",27344,27344,NA,12440,1221,2090,3882,2020-03-25
"Melilla","25/3/2020",39,39,NA,16,2,1,0,2020-03-25
"Murcia","25/3/2020",596,596,NA,172,36,8,9,2020-03-25
"Navarra","25/3/2020",1411,1411,NA,649,54,49,35,2020-03-25
"País Vasco","25/3/2020",3946,3946,NA,1907,137,180,621,2020-03-25
"La Rioja","25/3/2020",995,995,NA,316,36,43,48,2020-03-25
"Andalucía","26/3/2020",3790,3790,NA,1843,148,144,92,2020-03-26
"Aragón","26/3/2020",1338,1338,NA,693,114,58,8,2020-03-26
"Asturias","26/3/2020",995,995,NA,339,47,29,52,2020-03-26
"Baleares","26/3/2020",755,755,NA,237,46,22,67,2020-03-26
"Canarias","26/3/2020",878,878,NA,328,61,27,20,2020-03-26
"Cantabria","26/3/2020",810,810,NA,355,29,21,19,2020-03-26
"Castilla-La Mancha","26/3/2020",3934,3934,NA,2707,273,367,153,2020-03-26
"Castilla y León","26/3/2020",4132,4132,NA,2214,228,252,423,2020-03-26
"Cataluña","26/3/2020",12940,12940,NA,6714,972,685,1482,2020-03-26
"Ceuta","26/3/2020",17,17,NA,2,2,0,0,2020-03-26
"C. Valenciana","26/3/2020",3532,3532,NA,2357,325,198,73,2020-03-26
"Extremadura","26/3/2020",1231,1231,NA,277,41,69,33,2020-03-26
"Galicia","26/3/2020",2322,2322,NA,557,98,43,67,2020-03-26
"Madrid","26/3/2020",30711,30711,NA,13580,1312,2412,5044,2020-03-26
"Melilla","26/3/2020",42,42,NA,18,2,1,0,2020-03-26
"Murcia","26/3/2020",714,714,NA,209,53,15,12,2020-03-26
"Navarra","26/3/2020",1641,1641,NA,732,75,58,70,2020-03-26
"País Vasco","26/3/2020",4601,4601,NA,2270,154,207,814,2020-03-26
"La Rioja","26/3/2020",1236,1236,NA,388,43,55,62,2020-03-26
"Andalucía","27/3/2020",4271,4271,NA,2106,172,175,139,2020-03-27
"Aragón","27/3/2020",1592,1592,NA,835,124,93,8,2020-03-27
"Asturias","27/3/2020",1077,1077,NA,408,50,33,65,2020-03-27
"Baleares","27/3/2020",862,862,NA,283,59,26,80,2020-03-27
"Canarias","27/3/2020",1025,1025,NA,377,68,36,25,2020-03-27
"Cantabria","27/3/2020",937,937,NA,406,37,22,21,2020-03-27
"Castilla-La Mancha","27/3/2020",4512,4512,NA,2977,289,448,197,2020-03-27
"Castilla y León","27/3/2020",4791,4791,NA,2648,249,321,585,2020-03-27
"Cataluña","27/3/2020",14263,14263,NA,7954,1036,827,1717,2020-03-27
"Ceuta","27/3/2020",17,17,NA,2,2,1,0,2020-03-27
"C. Valenciana","27/3/2020",4034,4034,NA,2606,348,234,92,2020-03-27
"Extremadura","27/3/2020",1394,1394,NA,312,40,88,49,2020-03-27
"Galicia","27/3/2020",2772,2772,NA,906,112,47,95,2020-03-27
"Madrid","27/3/2020",33068,33068,NA,14211,1404,2757,6326,2020-03-27
"Melilla","27/3/2020",45,45,NA,22,2,1,0,2020-03-27
"Murcia","27/3/2020",802,802,NA,231,58,17,12,2020-03-27
"Navarra","27/3/2020",1829,1829,NA,827,84,70,98,2020-03-27
"País Vasco","27/3/2020",5136,5136,NA,2612,176,241,1023,2020-03-27
"La Rioja","27/3/2020",1436,1436,NA,458,43,65,364,2020-03-27
"Andalucía","28/3/2020",4676,4676,NA,2294,201,207,148,2020-03-28
"Aragón","28/3/2020",1858,1858,NA,835,124,104,8,2020-03-28
"Asturias","28/3/2020",1172,1172,NA,466,57,41,76,2020-03-28
"Baleares","28/3/2020",958,958,NA,345,71,29,82,2020-03-28
"Canarias","28/3/2020",1125,1125,NA,425,78,39,30,2020-03-28
"Cantabria","28/3/2020",1023,1023,NA,449,40,26,24,2020-03-28
"Castilla-La Mancha","28/3/2020",5246,5246,NA,3018,299,539,236,2020-03-28
"Castilla y León","28/3/2020",5414,5414,NA,3160,278,380,752,2020-03-28
"Cataluña","28/3/2020",15025,15025,NA,8447,1080,904,1966,2020-03-28
"Ceuta","28/3/2020",21,21,NA,2,2,1,0,2020-03-28
"C. Valenciana","28/3/2020",4784,4784,NA,2773,375,267,161,2020-03-28
"Extremadura","28/3/2020",1456,1456,NA,313,41,100,51,2020-03-28
"Galicia","28/3/2020",3139,3139,NA,1043,123,60,153,2020-03-28
"Madrid","28/3/2020",34087,34087,NA,14454,1429,3082,7491,2020-03-28
"Melilla","28/3/2020",48,48,NA,24,2,1,0,2020-03-28
"Murcia","28/3/2020",872,872,NA,260,58,20,16,2020-03-28
"Navarra","28/3/2020",2011,2011,NA,896,90,84,125,2020-03-28
"País Vasco","28/3/2020",5740,5740,NA,3106,271,265,1503,2020-03-28
"La Rioja","28/3/2020",1629,1629,NA,497,43,68,397,2020-03-28
"Andalucía","29/3/2020",5398,5398,NA,2671,216,236,155,2020-03-29
"Aragón","29/3/2020",2078,2078,NA,1094,156,106,174,2020-03-29
"Asturias","29/3/2020",1251,1251,NA,479,60,49,78,2020-03-29
"Baleares","29/3/2020",1000,1000,NA,353,80,37,100,2020-03-29
"Canarias","29/3/2020",1204,1204,NA,444,84,40,32,2020-03-29
"Cantabria","29/3/2020",1100,1100,NA,481,46,27,24,2020-03-29
"Castilla-La Mancha","29/3/2020",5858,5858,NA,3134,302,622,252,2020-03-29
"Castilla y León","29/3/2020",5801,5801,NA,3411,307,442,871,2020-03-29
"Cataluña","29/3/2020",16104,16104,NA,9126,1150,983,2168,2020-03-29
"Ceuta","29/3/2020",25,25,NA,2,2,1,0,2020-03-29
"C. Valenciana","29/3/2020",5110,5110,NA,2914,393,310,185,2020-03-29
"Extremadura","29/3/2020",1560,1560,NA,353,43,106,60,2020-03-29
"Galicia","29/3/2020",3723,3723,NA,1147,134,66,168,2020-03-29
"Madrid","29/3/2020",34959,34959,NA,14917,1460,3392,8301,2020-03-29
"Melilla","29/3/2020",51,51,NA,27,3,1,0,2020-03-29
"Murcia","29/3/2020",939,939,NA,265,58,25,17,2020-03-29
"Navarra","29/3/2020",2146,2146,NA,955,96,102,161,2020-03-29
"País Vasco","29/3/2020",6057,6057,NA,3427,293,297,1646,2020-03-29
"La Rioja","29/3/2020",1733,1733,NA,517,43,71,431,2020-03-29
"Andalucía","30/3/2020",5809,5809,NA,2867,235,248,160,2020-03-30
"Aragón","30/3/2020",2272,2272,NA,1176,165,138,204,2020-03-30
"Asturias","30/3/2020",1330,1330,NA,529,65,55,90,2020-03-30
"Baleares","30/3/2020",1069,1069,NA,399,85,42,111,2020-03-30
"Canarias","30/3/2020",1262,1262,NA,483,94,55,57,2020-03-30
"Cantabria","30/3/2020",1171,1171,NA,522,50,37,35,2020-03-30
"Castilla-La Mancha","30/3/2020",6424,6424,NA,3225,344,708,296,2020-03-30
"Castilla y León","30/3/2020",6211,6211,NA,3629,325,516,1028,2020-03-30
"Cataluña","30/3/2020",18520,18520,NA,9925,1218,1216,2633,2020-03-30
"Ceuta","30/3/2020",34,34,NA,3,3,1,0,2020-03-30
"C. Valenciana","30/3/2020",5508,5508,NA,3111,416,339,200,2020-03-30
"Extremadura","30/3/2020",1628,1628,NA,371,51,133,91,2020-03-30
"Galicia","30/3/2020",4039,4039,NA,1250,149,84,187,2020-03-30
"Madrid","30/3/2020",37504,37504,NA,15140,1514,3603,9330,2020-03-30
"Melilla","30/3/2020",54,54,NA,27,3,1,0,2020-03-30
"Murcia","30/3/2020",974,974,NA,283,59,34,20,2020-03-30
"Navarra","30/3/2020",2305,2305,NA,1035,99,113,192,2020-03-30
"País Vasco","30/3/2020",6320,6320,NA,3594,307,325,1796,2020-03-30
"La Rioja","30/3/2020",1810,1810,NA,575,51,85,496,2020-03-30
"Andalucía","31/3/2020",6379,6379,NA,3147,260,308,182,2020-03-31
"Aragón","31/3/2020",2491,2491,NA,1234,168,169,257,2020-03-31
"Asturias","31/3/2020",1392,1392,NA,590,76,63,109,2020-03-31
"Baleares","31/3/2020",1131,1131,NA,468,95,46,170,2020-03-31
"Canarias","31/3/2020",1380,1380,NA,532,110,62,77,2020-03-31
"Cantabria","31/3/2020",1213,1213,NA,543,54,54,43,2020-03-31
"Castilla-La Mancha","31/3/2020",7047,7047,NA,3230,353,774,397,2020-03-31
"Castilla y León","31/3/2020",6847,6847,NA,3951,345,585,1259,2020-03-31
"Cataluña","31/3/2020",19991,19991,NA,11446,1345,1458,3077,2020-03-31
"Ceuta","31/3/2020",51,51,NA,6,3,1,0,2020-03-31
"C. Valenciana","31/3/2020",5922,5922,NA,3253,434,395,240,2020-03-31
"Extremadura","31/3/2020",1679,1679,NA,372,58,152,113,2020-03-31
"Galicia","31/3/2020",4432,4432,NA,1338,158,103,259,2020-03-31
"Madrid","31/3/2020",39303,39303,NA,15227,1514,3865,10827,2020-03-31
"Melilla","31/3/2020",62,62,NA,32,3,1,0,2020-03-31
"Murcia","31/3/2020",1041,1041,NA,304,59,37,43,2020-03-31
"Navarra","31/3/2020",2497,2497,NA,1120,104,130,236,2020-03-31
"País Vasco","31/3/2020",6838,6838,NA,3806,324,369,2165,2020-03-31
"La Rioja","31/3/2020",1960,1960,NA,619,54,90,569,2020-03-31
"Andalucía","1/4/2020",6957,6957,NA,3444,280,343,228,2020-04-01
"Aragón","1/4/2020",2700,2700,NA,1320,178,200,320,2020-04-01
"Asturias","1/4/2020",1473,1473,NA,640,79,69,135,2020-04-01
"Baleares","1/4/2020",1204,1204,NA,517,105,58,239,2020-04-01
"Canarias","1/4/2020",1444,1444,NA,566,113,68,94,2020-04-01
"Cantabria","1/4/2020",1268,1268,NA,567,57,60,60,2020-04-01
"Castilla-La Mancha","1/4/2020",7682,7682,NA,3230,355,854,494,2020-04-01
"Castilla y León","1/4/2020",7355,7355,NA,4207,353,641,1498,2020-04-01
"Cataluña","1/4/2020",21804,21804,NA,12398,1415,1629,3683,2020-04-01
"Ceuta","1/4/2020",55,55,NA,7,3,1,0,2020-04-01
"C. Valenciana","1/4/2020",6308,6308,NA,3389,449,443,432,2020-04-01
"Extremadura","1/4/2020",1837,1837,NA,412,62,181,139,2020-04-01
"Galicia","1/4/2020",4842,4842,NA,1447,165,120,333,2020-04-01
"Madrid","1/4/2020",41075,41075,NA,15227,1528,4175,12400,2020-04-01
"Melilla","1/4/2020",62,62,NA,32,3,1,0,2020-04-01
"Murcia","1/4/2020",1084,1084,NA,389,68,42,45,2020-04-01
"Navarra","1/4/2020",2682,2682,NA,1181,108,141,278,2020-04-01
"País Vasco","1/4/2020",7317,7317,NA,4087,344,412,2490,2020-04-01
"La Rioja","1/4/2020",2083,2083,NA,660,57,101,641,2020-04-01
"Andalucía","2/4/2020",7353,7353,NA,3673,338,376,258,2020-04-02
"Aragón","2/4/2020",2889,2889,NA,1431,180,224,378,2020-04-02
"Asturias","2/4/2020",1533,1533,NA,702,86,70,154,2020-04-02
"Baleares","2/4/2020",1257,1257,NA,587,112,69,375,2020-04-02
"Canarias","2/4/2020",1490,1490,NA,605,120,73,102,2020-04-02
"Cantabria","2/4/2020",1321,1321,NA,592,59,64,74,2020-04-02
"Castilla-La Mancha","2/4/2020",8523,8523,NA,3168,355,916,579,2020-04-02
"Castilla y León","2/4/2020",7875,7875,NA,4472,355,723,1759,2020-04-02
"Cataluña","2/4/2020",23460,23460,NA,13101,1482,1784,3876,2020-04-02
"Ceuta","2/4/2020",62,62,NA,8,3,1,2,2020-04-02
"C. Valenciana","2/4/2020",6624,6624,NA,3492,460,511,592,2020-04-02
"Extremadura","2/4/2020",1893,1893,NA,415,64,200,164,2020-04-02
"Galicia","2/4/2020",5219,5219,NA,1630,178,138,435,2020-04-02
"Madrid","2/4/2020",42896,42896,NA,15050,1506,4483,13850,2020-04-02
"Melilla","2/4/2020",70,70,NA,34,3,2,4,2020-04-02
"Murcia","2/4/2020",1145,1145,NA,405,72,46,90,2020-04-02
"Navarra","2/4/2020",2836,2836,NA,1284,119,151,294,2020-04-02
"País Vasco","2/4/2020",7827,7827,NA,4283,363,444,2809,2020-04-02
"La Rioja","2/4/2020",2224,2224,NA,738,64,109,745,2020-04-02
"Andalucía","3/4/2020",7847,7847,NA,3896,364,426,463,2020-04-03
"Aragón","3/4/2020",3078,3078,NA,1505,190,251,440,2020-04-03
"Asturias","3/4/2020",1607,1595,12,766,87,76,190,2020-04-03
"Baleares","3/4/2020",1271,1271,NA,634,114,71,422,2020-04-03
"Canarias","3/4/2020",1564,1564,NA,632,128,78,123,2020-04-03
"Cantabria","3/4/2020",1384,1384,NA,619,60,68,99,2020-04-03
"Castilla-La Mancha","3/4/2020",9324,9324,NA,3133,360,989,657,2020-04-03
"Castilla y León","3/4/2020",8332,8332,NA,4685,348,786,2021,2020-04-03
"Cataluña","3/4/2020",24734,24734,NA,14251,1569,1928,4589,2020-04-03
"Ceuta","3/4/2020",73,73,NA,8,4,1,2,2020-04-03
"C. Valenciana","3/4/2020",6901,6901,NA,3560,470,571,695,2020-04-03
"Extremadura","3/4/2020",1979,1979,NA,453,64,208,205,2020-04-03
"Galicia","3/4/2020",5625,5625,NA,1767,178,159,531,2020-04-03
"Madrid","3/4/2020",44613,44613,NA,14741,1498,4723,15362,2020-04-03
"Melilla","3/4/2020",79,79,NA,37,3,2,9,2020-04-03
"Murcia","3/4/2020",1188,1188,NA,434,79,51,113,2020-04-03
"Navarra","3/4/2020",2972,2972,NA,1341,120,171,311,2020-04-03
"País Vasco","3/4/2020",8187,8187,NA,4522,377,477,3098,2020-04-03
"La Rioja","3/4/2020",2405,2405,NA,805,64,128,843,2020-04-03
"Andalucía","4/4/2020",8279,8279,NA,4107,474,470,665,2020-04-04
"Aragón","4/4/2020",3232,3232,NA,1588,233,270,537,2020-04-04
"Asturias","4/4/2020",1650,1637,13,808,90,80,216,2020-04-04
"Baleares","4/4/2020",1293,1293,NA,664,120,75,461,2020-04-04
"Canarias","4/4/2020",1622,1622,NA,644,129,80,137,2020-04-04
"Cantabria","4/4/2020",1441,1441,NA,639,62,68,113,2020-04-04
"Castilla-La Mancha","4/4/2020",10031,10031,NA,2950,357,1055,1149,2020-04-04
"Castilla y León","4/4/2020",8749,8749,NA,4905,351,847,2331,2020-04-04
"Cataluña","4/4/2020",26032,26032,NA,14798,1653,2053,5149,2020-04-04
"Ceuta","4/4/2020",83,83,NA,9,4,2,2,2020-04-04
"C. Valenciana","4/4/2020",7184,7184,NA,3620,478,613,812,2020-04-04
"Extremadura","4/4/2020",2047,2047,NA,417,66,218,215,2020-04-04
"Galicia","4/4/2020",5944,5944,NA,1831,170,174,587,2020-04-04
"Madrid","4/4/2020",45496,45496,NA,14551,1499,4941,16543,2020-04-04
"Melilla","4/4/2020",83,83,NA,38,3,2,11,2020-04-04
"Murcia","4/4/2020",1235,1235,NA,447,80,59,130,2020-04-04
"Navarra","4/4/2020",3073,3073,NA,1399,123,178,334,2020-04-04
"País Vasco","4/4/2020",8628,8628,NA,4666,404,515,3405,2020-04-04
"La Rioja","4/4/2020",2592,2592,NA,855,66,134,904,2020-04-04
"Andalucía","5/4/2020",8559,8559,NA,4227,489,491,798,2020-04-05
"Aragón","5/4/2020",3347,3347,NA,1637,237,284,565,2020-04-05
"Asturias","5/4/2020",1704,1690,14,846,90,86,222,2020-04-05
"Baleares","5/4/2020",1320,1320,NA,683,121,81,531,2020-04-05
"Canarias","5/4/2020",1649,1649,NA,651,133,85,157,2020-04-05
"Cantabria","5/4/2020",1483,1483,NA,658,65,77,118,2020-04-05
"Castilla-La Mancha","5/4/2020",10602,10602,NA,2901,354,1132,1259,2020-04-05
"Castilla y León","5/4/2020",9116,9116,NA,5041,348,919,2533,2020-04-05
"Cataluña","5/4/2020",26824,26824,NA,15258,1685,2167,5374,2020-04-05
"Ceuta","5/4/2020",83,83,NA,9,4,3,2,2020-04-05
"C. Valenciana","5/4/2020",7334,7334,NA,3668,487,637,930,2020-04-05
"Extremadura","5/4/2020",2068,2068,NA,453,66,228,223,2020-04-05
"Galicia","5/4/2020",6151,6151,NA,1916,170,190,610,2020-04-05
"Madrid","5/4/2020",46016,46016,NA,14501,1510,5136,17322,2020-04-05
"Melilla","5/4/2020",86,86,NA,38,3,2,11,2020-04-05
"Murcia","5/4/2020",1259,1259,NA,468,81,68,156,2020-04-05
"Navarra","5/4/2020",3231,3231,NA,1432,124,187,380,2020-04-05
"País Vasco","5/4/2020",8810,8810,NA,4794,410,548,3568,2020-04-05
"La Rioja","5/4/2020",2719,2719,NA,888,66,141,964,2020-04-05
"Andalucía","6/4/2020",8743,8743,NA,4335,499,528,900,2020-04-06
"Aragón","6/4/2020",3449,3449,NA,1663,247,312,578,2020-04-06
"Asturias","6/4/2020",1730,1714,16,889,91,96,244,2020-04-06
"Baleares","6/4/2020",1369,1369,NA,705,124,84,537,2020-04-06
"Canarias","6/4/2020",1725,1725,NA,689,137,89,186,2020-04-06
"Cantabria","6/4/2020",1501,1501,NA,677,66,85,129,2020-04-06
"Castilla-La Mancha","6/4/2020",11077,11077,NA,2908,360,1177,1353,2020-04-06
"Castilla y León","6/4/2020",9581,9581,NA,5180,346,982,2711,2020-04-06
"Cataluña","6/4/2020",28323,28323,NA,15643,1740,2329,6150,2020-04-06
"Ceuta","6/4/2020",83,83,NA,9,4,4,2,2020-04-06
"C. Valenciana","6/4/2020",7443,7443,NA,3698,492,672,1103,2020-04-06
"Extremadura","6/4/2020",2116,2116,NA,686,70,258,282,2020-04-06
"Galicia","6/4/2020",6331,6331,NA,1968,162,204,688,2020-04-06
"Madrid","6/4/2020",47568,47568,NA,13950,1494,5371,18410,2020-04-06
"Melilla","6/4/2020",92,92,NA,40,3,2,11,2020-04-06
"Murcia","6/4/2020",1263,1259,4,500,84,78,193,2020-04-06
"Navarra","6/4/2020",3355,3355,NA,1488,124,202,421,2020-04-06
"País Vasco","6/4/2020",9021,8974,47,4856,417,586,3728,2020-04-06
"La Rioja","6/4/2020",2846,2846,NA,918,66,160,994,2020-04-06
"Andalucía","7/4/2020",8973,8973,NA,4463,520,605,1041,2020-04-07
"Aragón","7/4/2020",3549,3549,NA,1716,255,349,659,2020-04-07
"Asturias","7/4/2020",1777,1755,22,958,91,102,294,2020-04-07
"Baleares","7/4/2020",1412,1412,NA,731,129,89,616,2020-04-07
"Canarias","7/4/2020",1762,1762,NA,703,138,91,249,2020-04-07
"Cantabria","7/4/2020",1572,1572,NA,700,69,92,175,2020-04-07
"Castilla-La Mancha","7/4/2020",11788,11788,NA,2731,354,1255,1557,2020-04-07
"Castilla y León","7/4/2020",10058,10058,NA,5322,342,1028,2988,2020-04-07
"Cataluña","7/4/2020",29647,29647,NA,16235,1829,2462,7320,2020-04-07
"Ceuta","7/4/2020",84,84,NA,9,4,4,7,2020-04-07
"C. Valenciana","7/4/2020",7655,7655,NA,3713,496,724,1344,2020-04-07
"Extremadura","7/4/2020",2184,2184,NA,898,98,271,328,2020-04-07
"Galicia","7/4/2020",6538,6538,NA,2014,158,213,800,2020-04-07
"Madrid","7/4/2020",48945,48945,NA,13289,1450,5586,19836,2020-04-07
"Melilla","7/4/2020",93,93,NA,40,3,2,12,2020-04-07
"Murcia","7/4/2020",1305,1297,8,515,86,85,203,2020-04-07
"Navarra","7/4/2020",3467,3467,NA,1526,124,206,450,2020-04-07
"País Vasco","7/4/2020",9452,9392,60,4982,430,635,4151,2020-04-07
"La Rioja","7/4/2020",2951,2951,NA,955,68,177,1061,2020-04-07
"Andalucía","8/4/2020",9234,9234,NA,4599,538,652,1193,2020-04-08
"Aragón","8/4/2020",3685,3685,NA,1765,261,385,718,2020-04-08
"Asturias","8/4/2020",1861,1804,57,1018,94,110,340,2020-04-08
"Baleares","8/4/2020",1448,1448,NA,751,132,89,696,2020-04-08
"Canarias","8/4/2020",1834,1834,NA,730,140,92,359,2020-04-08
"Cantabria","8/4/2020",1619,1619,NA,720,71,98,214,2020-04-08
"Castilla-La Mancha","8/4/2020",12489,12489,NA,2575,342,1322,1766,2020-04-08
"Castilla y León","8/4/2020",10518,10518,NA,5523,338,1082,3242,2020-04-08
"Cataluña","8/4/2020",31043,31043,NA,16970,1946,2667,8014,2020-04-08
"Ceuta","8/4/2020",84,84,NA,9,4,4,7,2020-04-08
"C. Valenciana","8/4/2020",7964,7964,NA,3815,541,767,1772,2020-04-08
"Extremadura","8/4/2020",2273,2273,NA,958,99,283,381,2020-04-08
"Galicia","8/4/2020",6758,6758,NA,2094,155,231,910,2020-04-08
"Madrid","8/4/2020",50357,50357,NA,12853,1433,5800,21121,2020-04-08
"Melilla","8/4/2020",93,93,NA,40,3,2,16,2020-04-08
"Murcia","8/4/2020",1340,1322,18,533,87,88,219,2020-04-08
"Navarra","8/4/2020",3575,3575,NA,1526,124,214,462,2020-04-08
"País Vasco","8/4/2020",9806,9740,66,5130,433,689,4514,2020-04-08
"La Rioja","8/4/2020",3026,3026,NA,997,69,182,1172,2020-04-08
"Andalucía","9/4/2020",9482,9482,NA,4715,582,691,1437,2020-04-09
"Aragón","9/4/2020",3831,3831,NA,1822,263,409,797,2020-04-09
"Asturias","9/4/2020",1911,1844,67,1083,100,121,372,2020-04-09
"Baleares","9/4/2020",1488,1488,NA,777,136,97,737,2020-04-09
"Canarias","9/4/2020",1858,1858,NA,738,141,94,386,2020-04-09
"Cantabria","9/4/2020",1659,1659,NA,747,73,102,265,2020-04-09
"Castilla-La Mancha","9/4/2020",13063,13063,NA,2359,329,1431,1982,2020-04-09
"Castilla y León","9/4/2020",11102,11102,NA,5674,332,1129,3506,2020-04-09
"Cataluña","9/4/2020",31824,31824,NA,17780,1966,2787,8705,2020-04-09
"Ceuta","9/4/2020",91,91,NA,9,4,4,12,2020-04-09
"C. Valenciana","9/4/2020",8331,8331,NA,3987,561,796,2085,2020-04-09
"Extremadura","9/4/2020",2332,2332,NA,1003,101,288,397,2020-04-09
"Galicia","9/4/2020",6946,6946,NA,2165,151,243,997,2020-04-09
"Madrid","9/4/2020",51296,51296,NA,12432,1399,5972,22414,2020-04-09
"Melilla","9/4/2020",95,95,NA,41,3,2,17,2020-04-09
"Murcia","9/4/2020",1367,1338,29,533,88,90,255,2020-04-09
"Navarra","9/4/2020",3748,3748,NA,1620,124,218,560,2020-04-09
"País Vasco","9/4/2020",10103,9992,111,5290,442,729,4680,2020-04-09
"La Rioja","9/4/2020",3076,3076,NA,1047,71,196,1256,2020-04-09
"Andalucía","10/4/2020",9682,9682,NA,4808,602,737,1630,2020-04-10
"Aragón","10/4/2020",3969,3969,NA,1860,266,425,888,2020-04-10
"Asturias","10/4/2020",1974,1896,78,1147,105,128,414,2020-04-10
"Baleares","10/4/2020",1507,1507,NA,778,137,102,757,2020-04-10
"Canarias","10/4/2020",1887,1887,NA,745,144,95,432,2020-04-10
"Cantabria","10/4/2020",1719,1719,NA,773,75,107,281,2020-04-10
"Castilla-La Mancha","10/4/2020",13456,13456,NA,2198,316,1483,2205,2020-04-10
"Castilla y León","10/4/2020",11543,11543,NA,5817,327,1180,3757,2020-04-10
"Cataluña","10/4/2020",32984,32984,NA,18194,1989,2877,9267,2020-04-10
"Ceuta","10/4/2020",93,93,NA,9,4,4,17,2020-04-10
"C. Valenciana","10/4/2020",8578,8578,NA,4132,565,818,2289,2020-04-10
"Extremadura","10/4/2020",2486,2486,NA,1052,104,303,462,2020-04-10
"Galicia","10/4/2020",7176,7176,NA,2215,144,261,1082,2020-04-10
"Madrid","10/4/2020",52146,52146,NA,11894,1376,6084,23663,2020-04-10
"Melilla","10/4/2020",98,98,NA,43,3,2,18,2020-04-10
"Murcia","10/4/2020",1404,1371,33,533,88,94,275,2020-04-10
"Navarra","10/4/2020",3817,3817,NA,1641,124,227,603,2020-04-10
"País Vasco","10/4/2020",10515,10313,202,5402,453,765,4741,2020-04-10
"La Rioja","10/4/2020",3496,3223,273,1082,73,207,1337,2020-04-10
"Andalucía","11/4/2020",9976,9976,NA,4950,619,799,1838,2020-04-11
"Aragón","11/4/2020",4070,4070,NA,1901,272,450,934,2020-04-11
"Asturias","11/4/2020",2058,1977,81,1208,106,140,430,2020-04-11
"Baleares","11/4/2020",1534,1534,NA,805,142,112,848,2020-04-11
"Canarias","11/4/2020",1918,1918,NA,758,144,95,447,2020-04-11
"Cantabria","11/4/2020",1752,1752,NA,805,75,110,297,2020-04-11
"Castilla-La Mancha","11/4/2020",13698,13698,NA,6838,316,1543,2365,2020-04-11
"Castilla y León","11/4/2020",12118,12118,NA,5957,323,1221,4010,2020-04-11
"Cataluña","11/4/2020",34027,34027,NA,18772,2018,2975,9610,2020-04-11
"Ceuta","11/4/2020",93,93,NA,9,4,4,17,2020-04-11
"C. Valenciana","11/4/2020",8841,8841,NA,4149,567,838,2624,2020-04-11
"Extremadura","11/4/2020",2580,2580,NA,1074,106,312,481,2020-04-11
"Galicia","11/4/2020",7336,7336,NA,2306,140,274,1143,2020-04-11
"Madrid","11/4/2020",52680,52680,NA,11424,1332,6278,24683,2020-04-11
"Melilla","11/4/2020",98,98,NA,43,3,2,18,2020-04-11
"Murcia","11/4/2020",1436,1380,56,537,91,97,344,2020-04-11
"Navarra","11/4/2020",3969,3969,NA,1663,124,232,650,2020-04-11
"País Vasco","11/4/2020",10772,10514,258,5547,459,804,4867,2020-04-11
"La Rioja","11/4/2020",3596,3279,317,1122,73,219,1420,2020-04-11
"Andalucía","12/4/2020",10063,10063,NA,4993,621,815,1967,2020-04-12
"Aragón","12/4/2020",4187,4187,NA,1938,274,464,946,2020-04-12
"Asturias","12/4/2020",2088,2005,83,1265,110,149,434,2020-04-12
"Baleares","12/4/2020",1550,1550,NA,811,143,117,862,2020-04-12
"Canarias","12/4/2020",1944,1944,NA,763,145,96,458,2020-04-12
"Cantabria","12/4/2020",1777,1777,NA,827,75,117,317,2020-04-12
"Castilla-La Mancha","12/4/2020",14054,14054,NA,7782,475,1626,2532,2020-04-12
"Castilla y León","12/4/2020",12628,12628,NA,6077,312,1263,4154,2020-04-12
"Cataluña","12/4/2020",34726,34726,NA,18963,2084,3105,10040,2020-04-12
"Ceuta","12/4/2020",95,95,NA,9,4,4,20,2020-04-12
"C. Valenciana","12/4/2020",9060,9060,NA,4269,576,876,2803,2020-04-12
"Extremadura","12/4/2020",2658,2658,NA,1096,107,321,511,2020-04-12
"Galicia","12/4/2020",7494,7494,NA,2344,136,284,1186,2020-04-12
"Madrid","12/4/2020",53017,53017,NA,11233,1327,6423,25385,2020-04-12
"Melilla","12/4/2020",101,101,NA,43,3,2,18,2020-04-12
"Murcia","12/4/2020",1452,1387,65,543,94,101,353,2020-04-12
"Navarra","12/4/2020",4092,4092,NA,1693,124,239,695,2020-04-12
"País Vasco","12/4/2020",11018,10674,344,5622,464,831,5026,2020-04-12
"La Rioja","12/4/2020",3675,3358,317,1141,73,223,1458,2020-04-12
"Andalucía","13/4/2020",10285,10171,114,5054,631,836,2032,2020-04-13
"Aragón","13/4/2020",4245,4245,NA,1966,280,492,963,2020-04-13
"Asturias","13/4/2020",2139,2050,89,1330,111,156,458,2020-04-13
"Baleares","13/4/2020",1571,1571,NA,826,145,118,871,2020-04-13
"Canarias","13/4/2020",1958,1958,NA,771,147,102,589,2020-04-13
"Cantabria","13/4/2020",1796,1796,NA,853,76,120,323,2020-04-13
"Castilla-La Mancha","13/4/2020",14329,14329,NA,7830,486,1714,2943,2020-04-13
"Castilla y León","13/4/2020",13180,13180,NA,6175,308,1299,4266,2020-04-13
"Cataluña","13/4/2020",35197,35197,NA,19224,2102,3201,10387,2020-04-13
"Ceuta","13/4/2020",96,96,NA,9,4,4,22,2020-04-13
"C. Valenciana","13/4/2020",9213,9213,NA,4397,581,907,3069,2020-04-13
"Extremadura","13/4/2020",2684,2684,NA,1114,107,334,578,2020-04-13
"Galicia","13/4/2020",7597,7597,NA,2403,133,290,1240,2020-04-13
"Madrid","13/4/2020",53988,53988,NA,10753,1299,6568,26247,2020-04-13
"Melilla","13/4/2020",101,101,NA,43,3,2,18,2020-04-13
"Murcia","13/4/2020",1479,1393,86,566,96,106,476,2020-04-13
"Navarra","13/4/2020",4150,4150,NA,1705,124,249,730,2020-04-13
"País Vasco","13/4/2020",11226,10845,381,5679,470,859,5193,2020-04-13
"La Rioja","13/4/2020",3749,3420,329,1152,74,234,1519,2020-04-13
"Andalucía","14/4/2020",10563,10394,169,5147,665,865,2224,2020-04-14
"Aragón","14/4/2020",4338,4338,NA,2006,282,514,1012,2020-04-14
"Asturias","14/4/2020",2208,2103,105,1387,114,166,487,2020-04-14
"Baleares","14/4/2020",1606,1606,NA,857,149,125,881,2020-04-14
"Canarias","14/4/2020",1975,1975,NA,781,152,104,622,2020-04-14
"Cantabria","14/4/2020",1823,1823,NA,873,76,132,363,2020-04-14
"Castilla-La Mancha","14/4/2020",14680,14680,NA,7896,495,1755,2998,2020-04-14
"Castilla y León","14/4/2020",13697,13697,NA,6306,306,1337,4521,2020-04-14
"Cataluña","14/4/2020",36505,36505,NA,20264,2189,3453,11480,2020-04-14
"Ceuta","14/4/2020",98,98,NA,9,4,4,30,2020-04-14
"C. Valenciana","14/4/2020",9424,9424,NA,4465,588,945,3360,2020-04-14
"Extremadura","14/4/2020",2762,2762,NA,1155,107,342,615,2020-04-14
"Galicia","14/4/2020",7708,7708,NA,2471,128,299,1298,2020-04-14
"Madrid","14/4/2020",55062,55062,NA,10116,1244,6724,27433,2020-04-14
"Melilla","14/4/2020",102,102,NA,43,3,2,24,2020-04-14
"Murcia","14/4/2020",1528,1400,128,574,97,109,513,2020-04-14
"Navarra","14/4/2020",4246,4246,NA,1731,124,252,808,2020-04-14
"País Vasco","14/4/2020",11475,11014,461,5750,471,902,5428,2020-04-14
"La Rioja","14/4/2020",3831,3457,374,1182,75,246,1585,2020-04-14
"Andalucía","15/4/2020",10775,10559,216,5226,671,912,2634,2020-04-15
"Aragón","15/4/2020",4566,4411,155,2108,291,543,1087,2020-04-15
"Asturias","15/4/2020",2288,2151,137,1432,116,168,522,2020-04-15
"Baleares","15/4/2020",1637,1637,NA,872,152,131,918,2020-04-15
"Canarias","15/4/2020",1988,1988,0,802,156,107,673,2020-04-15
"Cantabria","15/4/2020",1845,1845,NA,890,77,137,442,2020-04-15
"Castilla-La Mancha","15/4/2020",15151,15151,NA,7987,503,1796,3378,2020-04-15
"Castilla y León","15/4/2020",14380,14380,NA,6449,307,1372,4725,2020-04-15
"Cataluña","15/4/2020",37354,37354,NA,20553,2252,3618,11961,2020-04-15
"Ceuta","15/4/2020",100,98,2,9,4,4,41,2020-04-15
"C. Valenciana","15/4/2020",9615,9615,NA,4524,625,972,3702,2020-04-15
"Extremadura","15/4/2020",2881,2581,300,1186,107,359,649,2020-04-15
"Galicia","15/4/2020",7873,7873,NA,2494,123,310,1383,2020-04-15
"Madrid","15/4/2020",55959,55959,NA,9653,1206,6877,28491,2020-04-15
"Melilla","15/4/2020",103,103,0,43,3,2,27,2020-04-15
"Murcia","15/4/2020",1590,1416,174,575,97,111,516,2020-04-15
"Navarra","15/4/2020",4348,4348,NA,1752,124,261,845,2020-04-15
"País Vasco","15/4/2020",11790,11203,587,5863,478,956,5813,2020-04-15
"La Rioja","15/4/2020",3916,3539,377,1207,75,257,1654,2020-04-15
"Andalucía","16/4/2020",11021,10638,383,5298,675,940,2790,2020-04-16
"Aragón","16/4/2020",4664,4489,175,2151,240,562,1121,2020-04-16
"Asturias","16/4/2020",2327,2171,156,1474,118,174,545,2020-04-16
"Baleares","16/4/2020",1668,1668,NA,905,152,134,938,2020-04-16
"Canarias","16/4/2020",2009,2009,0,811,159,111,730,2020-04-16
"Cantabria","16/4/2020",1884,1884,NA,903,78,144,510,2020-04-16
"Castilla-La Mancha","16/4/2020",15997,15997,NA,8018,511,1852,3600,2020-04-16
"Castilla y León","16/4/2020",14903,14903,NA,6518,297,1401,4924,2020-04-16
"Cataluña","16/4/2020",38316,38316,NA,21242,2305,3752,12787,2020-04-16
"Ceuta","16/4/2020",101,98,3,9,4,4,44,2020-04-16
"C. Valenciana","16/4/2020",9783,9486,297,4605,632,999,4024,2020-04-16
"Extremadura","16/4/2020",3019,2656,363,1212,107,372,707,2020-04-16
"Galicia","16/4/2020",8013,8013,NA,2535,117,320,1456,2020-04-16
"Madrid","16/4/2020",56792,56792,NA,9141,1154,7007,29436,2020-04-16
"Melilla","16/4/2020",104,104,NA,44,3,2,30,2020-04-16
"Murcia","16/4/2020",1626,1424,202,585,99,112,545,2020-04-16
"Navarra","16/4/2020",4433,4433,NA,1781,124,338,892,2020-04-16
"País Vasco","16/4/2020",12089,11403,686,5939,484,992,6144,2020-04-16
"La Rioja","16/4/2020",4098,3547,551,1226,76,262,1729,2020-04-16
"Andalucía","17/4/2020",11172,10738,434,5341,677,967,2948,2020-04-17
"Aragón","17/4/2020",4761,4551,210,2180,243,601,1121,2020-04-17
"Asturias","17/4/2020",2373,2193,180,1520,119,187,575,2020-04-17
"Baleares","17/4/2020",1748,1724,24,937,157,148,958,2020-04-17
"Canarias","17/4/2020",2035,2035,0,822,160,115,785,2020-04-17
"Cantabria","17/4/2020",1990,1990,NA,911,78,149,534,2020-04-17
"Castilla-La Mancha","17/4/2020",16349,16349,NA,8093,514,1913,3838,2020-04-17
"Castilla y León","17/4/2020",15293,15293,NA,6831,495,1429,5103,2020-04-17
"Cataluña","17/4/2020",40095,39943,152,22013,2349,3879,13275,2020-04-17
"Ceuta","17/4/2020",111,100,11,9,4,4,53,2020-04-17
"C. Valenciana","17/4/2020",10117,9584,533,4708,636,1042,4306,2020-04-17
"Extremadura","17/4/2020",3131,2663,468,1240,107,380,736,2020-04-17
"Galicia","17/4/2020",8084,8084,NA,2554,115,334,1507,2020-04-17
"Madrid","17/4/2020",57598,57598,0,8597,1094,7132,30475,2020-04-17
"Melilla","17/4/2020",104,104,0,44,3,2,30,2020-04-17
"Murcia","17/4/2020",1647,1430,217,611,102,115,638,2020-04-17
"Navarra","17/4/2020",4579,4349,230,1829,127,354,954,2020-04-17
"País Vasco","17/4/2020",12355,11553,802,6030,490,1020,6556,2020-04-17
"La Rioja","17/4/2020",4250,3583,667,1249,78,272,1777,2020-04-17
"Andalucía","18/4/2020",11393,10902,491,5424,687,993,3116,2020-04-18
"Aragón","18/4/2020",4831,4608,223,2216,246,619,1175,2020-04-18
"Asturias","18/4/2020",2393,2205,188,1571,120,196,596,2020-04-18
"Baleares","18/4/2020",1773,1740,33,955,160,155,993,2020-04-18
"Canarias","18/4/2020",2047,2047,0,825,162,119,789,2020-04-18
"Cantabria","18/4/2020",2050,1949,101,924,78,153,610,2020-04-18
"Castilla-La Mancha","18/4/2020",16625,14588,2037,8137,518,1963,3963,2020-04-18
"Castilla y León","18/4/2020",15621,14644,977,6981,498,1458,5262,2020-04-18
"Cataluña","18/4/2020",40600,40448,152,22235,2395,3933,13691,2020-04-18
"Ceuta","18/4/2020",112,100,12,9,4,4,59,2020-04-18
"C. Valenciana","18/4/2020",10250,9657,593,4781,643,1065,4547,2020-04-18
"Extremadura","18/4/2020",3192,2673,519,1278,107,384,767,2020-04-18
"Galicia","18/4/2020",8185,8185,NA,2590,112,346,1536,2020-04-18
"Madrid","18/4/2020",60558,58083,2475,8291,1123,7239,31313,2020-04-18
"Melilla","18/4/2020",107,104,3,44,3,2,44,2020-04-18
"Murcia","18/4/2020",1653,1438,215,612,102,116,652,2020-04-18
"Navarra","18/4/2020",4656,4413,243,1843,127,369,992,2020-04-18
"País Vasco","18/4/2020",12569,11731,838,6086,499,1062,6972,2020-04-18
"La Rioja","18/4/2020",4330,3636,694,1268,79,277,1816,2020-04-18
"Andalucía","19/4/2020",11523,10996,527,5473,690,1013,3229,2020-04-19
"Aragón","19/4/2020",4886,4654,232,2244,248,637,1178,2020-04-19
"Asturias","19/4/2020",2408,2214,194,1599,122,200,599,2020-04-19
"Baleares","19/4/2020",1788,1749,39,963,161,157,1005,2020-04-19
"Canarias","19/4/2020",2067,2067,0,826,163,119,813,2020-04-19
"Cantabria","19/4/2020",2083,1973,110,934,78,158,626,2020-04-19
"Castilla-La Mancha","19/4/2020",16796,14725,2071,8173,531,2021,4178,2020-04-19
"Castilla y León","19/4/2020",15857,14781,1076,7080,501,1493,5366,2020-04-19
"Cataluña","19/4/2020",42703,41676,1027,22375,2409,4009,13934,2020-04-19
"Ceuta","19/4/2020",114,100,14,9,4,4,74,2020-04-19
"C. Valenciana","19/4/2020",10339,9708,631,4827,646,1079,4629,2020-04-19
"Extremadura","19/4/2020",3243,2692,551,1306,107,389,858,2020-04-19
"Galicia","19/4/2020",8299,8299,NA,2609,108,352,1548,2020-04-19
"Madrid","19/4/2020",60952,58289,2663,8191,1111,7351,31762,2020-04-19
"Melilla","19/4/2020",109,104,5,44,3,2,46,2020-04-19
"Murcia","19/4/2020",1659,1440,219,612,103,117,662,2020-04-19
"Navarra","19/4/2020",4735,4449,286,1856,128,385,1123,2020-04-19
"País Vasco","19/4/2020",12628,11789,839,6109,501,1081,7124,2020-04-19
"La Rioja","19/4/2020",4371,3664,707,1282,79,285,1833,2020-04-19
"Andalucía","20/4/2020",11657,11104,553,5509,692,1017,3411,2020-04-20
"Aragón","20/4/2020",4938,4684,254,2271,250,643,1182,2020-04-20
"Asturias","20/4/2020",2453,2224,229,1626,122,202,616,2020-04-20
"Baleares","20/4/2020",1808,1767,41,986,161,161,1005,2020-04-20
"Canarias","20/4/2020",2085,2085,0,837,164,120,878,2020-04-20
"Cantabria","20/4/2020",2108,1998,110,948,78,165,646,2020-04-20
"Castilla-La Mancha","20/4/2020",17045,14936,2109,8199,534,2075,4242,2020-04-20
"Castilla y León","20/4/2020",16259,14951,1308,7174,503,1521,5429,2020-04-20
"Cataluña","20/4/2020",44139,43112,1027,22796,2437,4152,14446,2020-04-20
"Ceuta","20/4/2020",114,100,14,9,4,4,73,2020-04-20
"C. Valenciana","20/4/2020",10399,9750,649,4866,648,1089,4719,2020-04-20
"Extremadura","20/4/2020",3243,2692,551,1327,107,397,921,2020-04-20
"Galicia","20/4/2020",8468,8468,NA,2652,101,360,1588,2020-04-20
"Madrid","20/4/2020",61568,58896,2672,7930,1076,7460,32277,2020-04-20
"Melilla","20/4/2020",110,105,5,44,3,2,46,2020-04-20
"Murcia","20/4/2020",1696,1445,251,614,104,120,702,2020-04-20
"Navarra","20/4/2020",4831,4475,356,1877,128,397,1190,2020-04-20
"País Vasco","20/4/2020",12810,11843,967,6141,507,1103,7277,2020-04-20
"La Rioja","20/4/2020",4483,3684,799,1297,81,294,1866,2020-04-20
"Andalucía","21/4/2020",11889,11235,654,5565,696,1050,3569,2020-04-21
"Aragón","21/4/2020",5054,4761,293,2304,252,656,1530,2020-04-21
"Asturias","21/4/2020",2515,2238,277,1665,128,211,642,2020-04-21
"Baleares","21/4/2020",1836,1788,48,1005,166,164,1017,2020-04-21
"Canarias","21/4/2020",2094,2094,0,841,164,121,927,2020-04-21
"Cantabria","21/4/2020",2160,2012,148,956,78,167,718,2020-04-21
"Castilla-La Mancha","21/4/2020",17321,15053,2268,8243,537,2140,4337,2020-04-21
"Castilla y León","21/4/2020",16839,15141,1698,7264,505,1554,5614,2020-04-21
"Cataluña","21/4/2020",44829,43802,1027,23295,2460,4247,15089,2020-04-21
"Ceuta","21/4/2020",124,100,24,9,4,4,76,2020-04-21
"C. Valenciana","21/4/2020",10571,9825,746,4896,649,1106,5011,2020-04-21
"Extremadura","21/4/2020",3243,2692,551,1349,107,404,1051,2020-04-21
"Galicia","21/4/2020",8634,8634,NA,2674,96,368,1625,2020-04-21
"Madrid","21/4/2020",62440,59486,2954,7464,1024,7577,33032,2020-04-21
"Melilla","21/4/2020",111,105,6,44,3,2,50,2020-04-21
"Murcia","21/4/2020",1717,1455,262,622,104,123,761,2020-04-21
"Navarra","21/4/2020",4958,4531,427,1894,128,401,1316,2020-04-21
"País Vasco","21/4/2020",13044,11974,1070,6201,513,1124,7651,2020-04-21
"La Rioja","21/4/2020",4586,3704,882,1318,81,298,1899,2020-04-21
"Andalucía","22/4/2020",12205,11368,837,5616,702,1079,3847,2020-04-22
"Aragón","22/4/2020",5237,4833,404,2340,253,681,1680,2020-04-22
"Asturias","22/4/2020",2561,2243,318,1705,130,223,665,2020-04-22
"Baleares","22/4/2020",1861,1807,54,1022,167,168,1047,2020-04-22
"Canarias","22/4/2020",2113,2113,0,855,169,121,969,2020-04-22
"Cantabria","22/4/2020",2206,2023,183,965,78,173,850,2020-04-22
"Castilla-La Mancha","22/4/2020",17557,15128,2429,8304,546,2188,4577,2020-04-22
"Castilla y León","22/4/2020",17402,15510,1892,7397,508,1582,5777,2020-04-22
"Cataluña","22/4/2020",45919,44892,1027,23647,2478,4343,15477,2020-04-22
"Ceuta","22/4/2020",124,100,24,9,4,4,76,2020-04-22
"C. Valenciana","22/4/2020",10735,9869,866,4917,650,1124,5388,2020-04-22
"Extremadura","22/4/2020",3366,2715,651,1375,107,407,1237,2020-04-22
"Galicia","22/4/2020",8805,8805,NA,2694,92,375,1676,2020-04-22
"Madrid","22/4/2020",63558,60165,3393,7077,981,7684,33645,2020-04-22
"Melilla","22/4/2020",113,106,7,44,3,2,55,2020-04-22
"Murcia","22/4/2020",1721,1460,261,624,104,124,766,2020-04-22
"Navarra","22/4/2020",5063,4577,486,1907,129,409,1445,2020-04-22
"País Vasco","22/4/2020",13436,12094,1342,6260,516,1167,8136,2020-04-22
"La Rioja","22/4/2020",4727,3741,986,1331,82,303,1937,2020-04-22
"Andalucía","23/4/2020",12463,11500,963,5675,714,1107,3992,2020-04-23
"Aragón","23/4/2020",5295,4867,428,2359,254,695,1781,2020-04-23
"Asturias","23/4/2020",2601,2247,354,1728,131,231,688,2020-04-23
"Baleares","23/4/2020",1878,1821,57,1040,166,172,1081,2020-04-23
"Canarias","23/4/2020",2140,2140,0,868,169,128,1017,2020-04-23
"Cantabria","23/4/2020",2273,2055,218,978,78,178,913,2020-04-23
"Castilla-La Mancha","23/4/2020",18053,15365,2688,8342,553,2255,4782,2020-04-23
"Castilla y León","23/4/2020",17776,15692,2084,7506,510,1612,5943,2020-04-23
"Cataluña","23/4/2020",46571,45544,1027,24130,2569,4393,16138,2020-04-23
"Ceuta","23/4/2020",125,100,25,10,4,4,84,2020-04-23
"C. Valenciana","23/4/2020",10906,9939,967,4945,651,1147,5809,2020-04-23
"Extremadura","23/4/2020",3403,2718,685,1413,107,411,1358,2020-04-23
"Galicia","23/4/2020",8932,8932,NA,2707,87,382,1730,2020-04-23
"Madrid","23/4/2020",64120,60585,3535,6601,949,7765,34212,2020-04-23
"Melilla","23/4/2020",116,107,9,44,3,2,61,2020-04-23
"Murcia","23/4/2020",1741,1468,273,625,105,125,791,2020-04-23
"Navarra","23/4/2020",5180,4581,599,1915,129,417,1552,2020-04-23
"País Vasco","23/4/2020",13780,12204,1576,6315,518,1193,8459,2020-04-23
"La Rioja","23/4/2020",4865,3790,1075,1344,82,307,1964,2020-04-23
"Andalucía","24/4/2020",12792,11663,1129,5715,717,1131,4295,2020-04-24
"Aragón","24/4/2020",5382,4922,460,2372,255,709,1929,2020-04-24
"Asturias","24/4/2020",2653,2260,393,1760,132,239,716,2020-04-24
"Baleares","24/4/2020",1907,1847,60,1058,166,174,1102,2020-04-24
"Canarias","24/4/2020",2155,2155,0,878,171,130,1036,2020-04-24
"Cantabria","24/4/2020",2315,2071,244,982,78,182,1046,2020-04-24
"Castilla-La Mancha","24/4/2020",18525,15509,3016,8385,559,2292,4876,2020-04-24
"Castilla y León","24/4/2020",18259,15990,2269,7555,511,1639,6033,2020-04-24
"Cataluña","24/4/2020",47288,46261,1027,24130,2576,4498,16753,2020-04-24
"Ceuta","24/4/2020",125,100,25,10,4,4,98,2020-04-24
"C. Valenciana","24/4/2020",11123,10066,1057,4978,653,1172,6033,2020-04-24
"Extremadura","24/4/2020",3458,2718,740,1447,107,416,1510,2020-04-24
"Galicia","24/4/2020",9116,9116,NA,2722,90,388,1783,2020-04-24
"Madrid","24/4/2020",64785,61094,3691,6183,892,7848,34902,2020-04-24
"Melilla","24/4/2020",118,108,10,44,3,2,77,2020-04-24
"Murcia","24/4/2020",1756,1468,288,625,105,126,842,2020-04-24
"Navarra","24/4/2020",5274,4627,647,1937,129,429,1737,2020-04-24
"País Vasco","24/4/2020",14132,12366,1766,6375,525,1212,8941,2020-04-24
"La Rioja","24/4/2020",4946,3821,1125,1360,83,311,1999,2020-04-24
"Andalucía","25/4/2020",12991,11731,1260,5747,716,1145,4741,2020-04-25
"Aragón","25/4/2020",5456,4955,501,2395,257,712,1960,2020-04-25
"Asturias","25/4/2020",2703,2262,441,1790,134,249,749,2020-04-25
"Baleares","25/4/2020",1917,1854,63,1062,166,175,1123,2020-04-25
"Canarias","25/4/2020",2167,2167,0,880,171,131,1048,2020-04-25
"Cantabria","25/4/2020",2330,2083,247,991,78,183,1127,2020-04-25
"Castilla-La Mancha","25/4/2020",18995,15609,3386,8417,565,2330,5196,2020-04-25
"Castilla y León","25/4/2020",18684,16222,2462,7653,515,1666,6208,2020-04-25
"Cataluña","25/4/2020",47838,46811,1027,25665,2583,4566,17006,2020-04-25
"Ceuta","25/4/2020",131,100,31,10,4,4,104,2020-04-25
"C. Valenciana","25/4/2020",11372,10160,1212,5013,654,1186,6243,2020-04-25
"Extremadura","25/4/2020",3465,2736,729,1480,107,422,1582,2020-04-25
"Galicia","25/4/2020",9176,9176,NA,2735,85,394,1803,2020-04-25
"Madrid","25/4/2020",65015,61324,3691,5892,873,7922,35367,2020-04-25
"Melilla","25/4/2020",121,110,11,44,3,2,81,2020-04-25
"Murcia","25/4/2020",1771,1474,297,627,106,127,920,2020-04-25
"Navarra","25/4/2020",5452,4712,740,1942,129,431,1835,2020-04-25
"País Vasco","25/4/2020",14315,12455,1860,6426,533,1230,9602,2020-04-25
"La Rioja","25/4/2020",4998,3861,1137,1380,84,315,2037,2020-04-25
"Andalucía","26/4/2020",13128,11807,1321,5767,720,1157,4890,2020-04-26
"Aragón","26/4/2020",5504,4985,519,2403,257,726,2010,2020-04-26
"Asturias","26/4/2020",2736,2264,472,1814,137,253,759,2020-04-26
"Baleares","26/4/2020",1922,1859,63,1062,166,179,1136,2020-04-26
"Canarias","26/4/2020",2178,2178,0,881,171,131,1047,2020-04-26
"Cantabria","26/4/2020",2350,2104,246,995,78,186,1241,2020-04-26
"Castilla-La Mancha","26/4/2020",19286,15664,3622,8444,579,2365,5282,2020-04-26
"Castilla y León","26/4/2020",19028,16404,2624,7703,518,1690,6272,2020-04-26
"Cataluña","26/4/2020",48782,47755,1027,25799,2724,4699,17897,2020-04-26
"Ceuta","26/4/2020",131,100,31,10,4,4,107,2020-04-26
"C. Valenciana","26/4/2020",11412,10180,1232,5032,656,1189,6317,2020-04-26
"Extremadura","26/4/2020",3480,2749,731,1490,107,428,1652,2020-04-26
"Galicia","26/4/2020",9238,9238,NA,2746,83,405,1816,2020-04-26
"Madrid","26/4/2020",65477,61455,4022,39472,3309,7986,35565,2020-04-26
"Melilla","26/4/2020",121,110,11,44,3,2,87,2020-04-26
"Murcia","26/4/2020",1771,1474,297,627,106,128,990,2020-04-26
"Navarra","26/4/2020",5486,4733,753,1942,130,432,1918,2020-04-26
"País Vasco","26/4/2020",14412,12513,1899,6457,538,1241,9840,2020-04-26
"La Rioja","26/4/2020",5041,3892,1149,1392,85,320,2049,2020-04-26
"Andalucía","27/4/2020",13218,11859,1359,5792,721,1168,5039,2020-04-27
"Aragón","27/4/2020",5557,5004,553,2425,258,735,2081,2020-04-27
"Asturias","27/4/2020",2809,2272,537,1843,137,261,780,2020-04-27
"Baleares","27/4/2020",1940,1870,70,1074,166,181,1166,2020-04-27
"Canarias","27/4/2020",2187,2187,0,900,174,133,1075,2020-04-27
"Cantabria","27/4/2020",2386,2115,271,1000,78,188,1290,2020-04-27
"Castilla-La Mancha","27/4/2020",19518,15706,3812,8464,584,2396,5306,2020-04-27
"Castilla y León","27/4/2020",19372,16589,2783,7777,522,1710,6323,2020-04-27
"Cataluña","27/4/2020",49185,48158,1027,26230,2750,4808,18319,2020-04-27
"Ceuta","27/4/2020",134,100,34,10,4,4,110,2020-04-27
"C. Valenciana","27/4/2020",11658,10204,1454,5046,659,1200,6423,2020-04-27
"Extremadura","27/4/2020",3487,2751,736,1505,107,433,1733,2020-04-27
"Galicia","27/4/2020",9328,9328,NA,2758,73,412,1841,2020-04-27
"Madrid","27/4/2020",66241,62036,4205,39634,3338,8048,35841,2020-04-27
"Melilla","27/4/2020",125,114,11,44,3,2,92,2020-04-27
"Murcia","27/4/2020",1793,1475,318,629,106,130,1113,2020-04-27
"Navarra","27/4/2020",5630,4759,871,1945,130,432,1978,2020-04-27
"País Vasco","27/4/2020",14804,12564,2240,6482,539,1255,9974,2020-04-27
"La Rioja","27/4/2020",5097,3897,1200,1400,87,326,2064,2020-04-27
"Andalucía","28/4/2020",13469,11941,1528,5831,722,1188,5272,2020-04-28
"Aragón","28/4/2020",5652,5042,610,2454,258,736,2189,2020-04-28
"Asturias","28/4/2020",2876,2289,587,1886,137,266,809,2020-04-28
"Baleares","28/4/2020",1950,1879,71,1079,166,185,1196,2020-04-28
"Canarias","28/4/2020",2202,2202,0,906,175,134,1107,2020-04-28
"Cantabria","28/4/2020",2439,2146,293,1006,79,191,1372,2020-04-28
"Castilla-La Mancha","28/4/2020",19795,15785,4010,8523,588,2436,5382,2020-04-28
"Castilla y León","28/4/2020",19851,16690,3161,7854,524,1736,6448,2020-04-28
"Cataluña","28/4/2020",49681,48654,1027,26546,2768,4905,19060,2020-04-28
"Ceuta","28/4/2020",139,101,38,10,4,4,114,2020-04-28
"C. Valenciana","28/4/2020",11816,10236,1580,5072,662,1218,6599,2020-04-28
"Extremadura","28/4/2020",3513,2764,749,1526,107,440,1797,2020-04-28
"Galicia","28/4/2020",9466,8675,791,2736,308,547,5393,2020-04-28
"Madrid","28/4/2020",66884,62503,4381,39850,3355,8105,36314,2020-04-28
"Melilla","28/4/2020",125,114,11,44,3,2,95,2020-04-28
"Murcia","28/4/2020",1840,1480,360,635,106,130,1153,2020-04-28
"Navarra","28/4/2020",5884,4794,1090,1951,130,448,2082,2020-04-28
"País Vasco","28/4/2020",15138,12619,2519,6522,540,1274,10474,2020-04-28
"La Rioja","28/4/2020",5173,3910,1263,1413,87,330,2091,2020-04-28
"Andalucía","29/4/2020",13656,11981,1675,5873,721,1207,5710,2020-04-29
"Aragón","29/4/2020",5971,5091,880,2477,258,739,2291,2020-04-29
"Asturias","29/4/2020",2933,2306,627,1915,137,273,835,2020-04-29
"Baleares","29/4/2020",1955,1883,72,1082,167,188,1219,2020-04-29
"Canarias","29/4/2020",2205,2205,0,909,175,135,1131,2020-04-29
"Cantabria","29/4/2020",2505,2173,332,1007,79,191,1483,2020-04-29
"Castilla-La Mancha","29/4/2020",20071,15832,4239,8567,592,2463,5512,2020-04-29
"Castilla y León","29/4/2020",20312,16885,3427,7957,528,1752,6569,2020-04-29
"Cataluña","29/4/2020",49943,48916,1027,26763,2784,4975,19615,2020-04-29
"Ceuta","29/4/2020",146,101,45,10,4,4,126,2020-04-29
"C. Valenciana","29/4/2020",12058,10331,1727,5096,663,1236,6886,2020-04-29
"Extremadura","29/4/2020",3538,2785,753,1550,108,446,1887,2020-04-29
"Galicia","29/4/2020",9545,8697,848,2747,310,547,5573,2020-04-29
"Madrid","29/4/2020",67332,62844,4488,40076,3377,8176,36707,2020-04-29
"Melilla","29/4/2020",125,114,11,44,3,2,96,2020-04-29
"Murcia","29/4/2020",1894,1486,408,637,108,130,1202,2020-04-29
"Navarra","29/4/2020",6140,4815,1325,1965,132,451,2113,2020-04-29
"País Vasco","29/4/2020",15519,12701,2818,6561,541,1296,10936,2020-04-29
"La Rioja","29/4/2020",5206,3918,1288,1424,88,332,2159,2020-04-29
"Andalucía","30/4/2020",13914,12094,1820,5935,729,1238,6334,2020-04-30
"Aragón","30/4/2020",6103,5116,987,2494,260,749,2382,2020-04-30
"Asturias","30/4/2020",2974,2311,663,1938,140,273,860,2020-04-30
"Baleares","30/4/2020",1970,1894,76,1090,167,193,1245,2020-04-30
"Canarias","30/4/2020",2206,2206,0,914,175,136,1151,2020-04-30
"Cantabria","30/4/2020",2547,2184,363,1009,79,192,1509,2020-04-30
"Castilla-La Mancha","30/4/2020",20516,15910,4606,8618,596,2498,5615,2020-04-30
"Castilla y León","30/4/2020",20739,16993,3746,8010,531,1770,6686,2020-04-30
"Cataluña","30/4/2020",50334,49307,1027,26932,2795,5061,19640,2020-04-30
"Ceuta","30/4/2020",151,101,50,10,4,4,138,2020-04-30
"C. Valenciana","30/4/2020",12209,10347,1862,5126,694,1245,7078,2020-04-30
"Extremadura","30/4/2020",3630,2811,819,1565,108,451,1960,2020-04-30
"Galicia","30/4/2020",9696,8848,848,2759,313,555,5816,2020-04-30
"Madrid","30/4/2020",67714,63105,4609,40293,3392,8222,37154,2020-04-30
"Melilla","30/4/2020",126,115,11,44,3,2,96,2020-04-30
"Murcia","30/4/2020",1960,1488,472,638,109,132,1229,2020-04-30
"Navarra","30/4/2020",6337,4848,1489,1977,132,458,2185,2020-04-30
"País Vasco","30/4/2020",15969,12824,3145,6607,544,1312,11380,2020-04-30
"La Rioja","30/4/2020",5226,3936,1290,1433,88,333,2220,2020-04-30
"Andalucía","1/5/2020",14163,12140,2023,5961,735,1253,6821,2020-05-01
"Aragón","1/5/2020",6164,5136,1028,2503,260,761,2474,2020-05-01
"Asturias","1/5/2020",2997,2311,686,1974,141,279,890,2020-05-01
"Baleares","1/5/2020",1984,1902,82,1094,167,197,1268,2020-05-01
"Canarias","1/5/2020",2212,2212,0,918,175,140,1149,2020-05-01
"Cantabria","1/5/2020",2577,2201,376,1009,79,193,1551,2020-05-01
"Castilla-La Mancha","1/5/2020",21023,15967,5056,8645,601,2534,5702,2020-05-01
"Castilla y León","1/5/2020",20999,17165,3834,8054,531,1788,6813,2020-05-01
"Cataluña","1/5/2020",50877,49850,1027,27049,2811,5137,19913,2020-05-01
"Ceuta","1/5/2020",152,101,51,10,4,4,140,2020-05-01
"C. Valenciana","1/5/2020",12514,10411,2103,5153,695,1258,7287,2020-05-01
"Extremadura","1/5/2020",3690,2824,866,1592,108,458,2017,2020-05-01
"Galicia","1/5/2020",9750,8902,848,2769,313,557,5981,2020-05-01
"Madrid","1/5/2020",67830,63221,4609,40457,3404,8292,37530,2020-05-01
"Melilla","1/5/2020",126,115,11,44,3,2,96,2020-05-01
"Murcia","1/5/2020",1966,1491,475,639,110,132,1251,2020-05-01
"Navarra","1/5/2020",6411,4888,1523,1979,132,460,2281,2020-05-01
"País Vasco","1/5/2020",16119,12887,3232,6659,551,1321,11805,2020-05-01
"La Rioja","1/5/2020",5239,3947,1292,1439,88,334,2279,2020-05-01
"Andalucía","2/5/2020",14287,12175,2112,5961,736,1256,6897,2020-05-02
"Aragón","2/5/2020",6208,5164,1044,2519,260,761,2558,2020-05-02
"Asturias","2/5/2020",3018,2312,706,1995,142,280,908,2020-05-02
"Baleares","2/5/2020",1990,1908,82,1099,167,197,1284,2020-05-02
"Canarias","2/5/2020",2221,2221,0,919,175,140,1150,2020-05-02
"Cantabria","2/5/2020",2589,2205,384,1010,79,195,1616,2020-05-02
"Castilla-La Mancha","2/5/2020",21290,16017,5273,8676,604,2565,5772,2020-05-02
"Castilla y León","2/5/2020",21229,17283,3946,8085,533,1800,6856,2020-05-02
"Cataluña","2/5/2020",51261,50234,1027,27257,2844,5185,20332,2020-05-02
"Ceuta","2/5/2020",152,101,51,10,4,4,141,2020-05-02
"C. Valenciana","2/5/2020",12686,10436,2250,5181,698,1264,7447,2020-05-02
"Extremadura","2/5/2020",3712,2844,868,1603,108,460,2072,2020-05-02
"Galicia","2/5/2020",9815,8967,848,2774,315,563,6075,2020-05-02
"Madrid","2/5/2020",67947,63338,4609,40597,3421,8332,37704,2020-05-02
"Melilla","2/5/2020",129,117,12,44,3,2,98,2020-05-02
"Murcia","2/5/2020",1974,1492,482,641,110,134,1260,2020-05-02
"Navarra","2/5/2020",6427,4902,1525,1986,133,462,2411,2020-05-02
"País Vasco","2/5/2020",16197,12938,3259,6692,553,1329,12024,2020-05-02
"La Rioja","2/5/2020",5247,3952,1295,1446,88,335,2297,2020-05-02
"Andalucía","3/5/2020",14349,12194,2155,5973,738,1263,7021,2020-05-03
"Aragón","3/5/2020",6239,5188,1051,2526,260,762,2624,2020-05-03
"Asturias","3/5/2020",3030,2314,716,2014,142,284,917,2020-05-03
"Baleares","3/5/2020",1991,1908,83,1102,167,197,1294,2020-05-03
"Canarias","3/5/2020",2225,2225,0,919,175,141,1166,2020-05-03
"Cantabria","3/5/2020",2596,2206,390,1011,79,197,1610,2020-05-03
"Castilla-La Mancha","3/5/2020",21511,16050,5461,8698,606,2590,5794,2020-05-03
"Castilla y León","3/5/2020",21379,17334,4045,8123,534,1818,6900,2020-05-03
"Cataluña","3/5/2020",51393,50366,1027,27321,2847,5220,21898,2020-05-03
"Ceuta","3/5/2020",152,101,51,10,4,4,142,2020-05-03
"C. Valenciana","3/5/2020",12819,10436,2383,5204,700,1269,7506,2020-05-03
"Extremadura","3/5/2020",3722,2849,873,1618,108,460,2090,2020-05-03
"Galicia","3/5/2020",9859,9011,848,2782,315,569,6234,2020-05-03
"Madrid","3/5/2020",68056,63447,4609,40741,3431,8376,37808,2020-05-03
"Melilla","3/5/2020",131,119,12,44,3,2,101,2020-05-03
"Murcia","3/5/2020",1974,1492,482,645,110,134,1277,2020-05-03
"Navarra","3/5/2020",6447,4918,1529,1990,133,466,2494,2020-05-03
"País Vasco","3/5/2020",16246,12952,3294,6719,554,1341,12155,2020-05-03
"La Rioja","3/5/2020",5258,3961,1297,1449,88,335,2312,2020-05-03
"Andalucía","4/5/2020",14394,12210,2184,5983,738,1267,7230,2020-05-04
"Aragón","4/5/2020",6282,5207,1075,2539,260,770,2704,2020-05-04
"Asturias","4/5/2020",3058,2315,743,2046,142,284,936,2020-05-04
"Baleares","4/5/2020",1997,1910,87,1110,168,198,1307,2020-05-04
"Canarias","4/5/2020",2231,2231,0,920,176,142,1190,2020-05-04
"Cantabria","4/5/2020",2607,2207,400,1015,79,198,1658,2020-05-04
"Castilla-La Mancha","4/5/2020",21656,16080,5576,8725,609,2616,5824,2020-05-04
"Castilla y León","4/5/2020",21719,17429,4290,8153,537,1832,6935,2020-05-04
"Cataluña","4/5/2020",51798,50771,1027,27745,2856,5270,22553,2020-05-04
"Ceuta","4/5/2020",155,101,54,10,4,4,145,2020-05-04
"C. Valenciana","4/5/2020",12883,10500,2383,5214,701,1279,7655,2020-05-04
"Extremadura","4/5/2020",3728,2852,876,1629,108,462,2146,2020-05-04
"Galicia","4/5/2020",9953,9051,902,2792,317,573,6561,2020-05-04
"Madrid","4/5/2020",68447,63758,4689,40851,3442,8420,38002,2020-05-04
"Melilla","4/5/2020",131,119,12,44,3,2,101,2020-05-04
"Murcia","4/5/2020",2051,1496,555,650,111,136,1381,2020-05-04
"Navarra","4/5/2020",6561,4936,1625,1995,134,471,2562,2020-05-04
"País Vasco","4/5/2020",16426,12965,3461,6736,556,1353,12251,2020-05-04
"La Rioja","4/5/2020",5270,3967,1303,1452,90,336,2345,2020-05-04
"Andalucía","5/5/2020",14639,12236,2403,6012,740,1281,7679,2020-05-05
"Aragón","5/5/2020",6382,5231,1151,2552,260,788,2790,2020-05-05
"Asturias","5/5/2020",3094,2326,768,2081,142,287,953,2020-05-05
"Baleares","5/5/2020",2013,1921,92,1122,168,199,1321,2020-05-05
"Canarias","5/5/2020",2231,2231,0,920,176,143,1223,2020-05-05
"Cantabria","5/5/2020",2626,2213,413,1018,79,199,1696,2020-05-05
"Castilla-La Mancha","5/5/2020",22166,16144,6022,8765,612,2647,5862,2020-05-05
"Castilla y León","5/5/2020",22156,17520,4636,8246,538,1847,7036,2020-05-05
"Cataluña","5/5/2020",52090,50924,1166,28085,2871,5345,22881,2020-05-05
"Ceuta","5/5/2020",164,109,55,10,4,4,150,2020-05-05
"C. Valenciana","5/5/2020",13064,10537,2527,5225,701,1291,7747,2020-05-05
"Extremadura","5/5/2020",3746,2865,881,1650,108,463,2189,2020-05-05
"Galicia","5/5/2020",10192,9097,1095,2811,319,582,6802,2020-05-05
"Madrid","5/5/2020",68745,64056,4689,41031,3465,8466,38331,2020-05-05
"Melilla","5/5/2020",131,119,12,44,3,2,104,2020-05-05
"Murcia","5/5/2020",2133,1498,635,650,111,136,1465,2020-05-05
"Navarra","5/5/2020",6770,4966,1804,2005,135,476,2628,2020-05-05
"País Vasco","5/5/2020",16679,13008,3671,6781,559,1364,12749,2020-05-05
"La Rioja","5/5/2020",5322,3980,1342,1458,91,337,2396,2020-05-05
"Andalucía","6/5/2020",14870,12268,2602,6027,742,1294,8076,2020-05-06
"Aragón","6/5/2020",6516,5258,1258,2564,262,800,2880,2020-05-06
"Asturias","6/5/2020",3099,2326,773,2117,143,292,971,2020-05-06
"Baleares","6/5/2020",2023,1929,94,1132,168,201,1345,2020-05-06
"Canarias","6/5/2020",2235,2235,0,921,176,144,1258,2020-05-06
"Cantabria","6/5/2020",2642,2220,422,1020,79,200,1758,2020-05-06
"Castilla-La Mancha","6/5/2020",22567,16184,6383,8796,613,2677,5895,2020-05-06
"Castilla y León","6/5/2020",22537,17625,4912,8300,541,1864,7149,2020-05-06
"Cataluña","6/5/2020",52505,51190,1315,28248,2891,5394,23231,2020-05-06
"Ceuta","6/5/2020",165,109,56,10,4,4,150,2020-05-06
"C. Valenciana","6/5/2020",13311,10592,2719,5252,704,1303,8010,2020-05-06
"Extremadura","6/5/2020",3808,2877,931,1664,108,467,2265,2020-05-06
"Galicia","6/5/2020",10292,9134,1158,2833,320,586,6959,2020-05-06
"Madrid","6/5/2020",69110,64318,4792,41159,3485,8504,38670,2020-05-06
"Melilla","6/5/2020",132,119,13,44,3,2,108,2020-05-06
"Murcia","6/5/2020",2192,1501,691,652,111,137,1527,2020-05-06
"Navarra","6/5/2020",7010,4983,2027,2015,135,480,2732,2020-05-06
"País Vasco","6/5/2020",16959,13041,3918,6797,561,1383,13070,2020-05-06
"La Rioja","6/5/2020",5330,3986,1344,1463,91,338,2457,2020-05-06
"Andalucía","7/5/2020",15050,12287,2763,6038,742,1301,8435,2020-05-07
"Aragón","7/5/2020",6575,5274,1301,2578,263,815,2953,2020-05-07
"Asturias","7/5/2020",3157,2336,821,2141,144,292,983,2020-05-07
"Baleares","7/5/2020",2029,1935,94,1135,168,202,1374,2020-05-07
"Canarias","7/5/2020",2240,2240,NA,927,176,148,1318,2020-05-07
"Cantabria","7/5/2020",2665,2232,433,1022,79,201,1786,2020-05-07
"Castilla-La Mancha","7/5/2020",22908,16237,6671,8828,617,2713,5981,2020-05-07
"Castilla y León","7/5/2020",22926,17716,5210,8357,543,1876,7231,2020-05-07
"Cataluña","7/5/2020",53209,51733,1476,28608,2949,5471,23664,2020-05-07
"Ceuta","7/5/2020",168,109,59,11,4,4,154,2020-05-07
"C. Valenciana","7/5/2020",13507,10619,2888,5287,706,1309,8181,2020-05-07
"Extremadura","7/5/2020",3853,2900,953,1678,109,472,2312,2020-05-07
"Galicia","7/5/2020",10453,9184,1269,2857,321,588,7138,2020-05-07
"Madrid","7/5/2020",69323,64531,4792,41304,3493,8552,38975,2020-05-07
"Melilla","7/5/2020",132,119,13,44,3,2,108,2020-05-07
"Murcia","7/5/2020",2252,1504,748,659,113,137,1662,2020-05-07
"Navarra","7/5/2020",7227,5006,2221,2015,135,484,2827,2020-05-07
"País Vasco","7/5/2020",17286,13101,4185,6818,566,1390,13540,2020-05-07
"La Rioja","7/5/2020",5355,3992,1363,1469,91,342,2526,2020-05-07
"Andalucía","8/5/2020",15228,12298,2930,6069,745,1317,8779,2020-05-08
"Aragón","8/5/2020",6656,5291,1365,2583,263,823,3006,2020-05-08
"Asturias","8/5/2020",3183,2342,841,2166,145,293,1012,2020-05-08
"Baleares","8/5/2020",2042,1944,98,1141,169,207,1395,2020-05-08
"Canarias","8/5/2020",2250,2250,0,935,178,148,1342,2020-05-08
"Cantabria","8/5/2020",2681,2241,440,1023,79,201,1862,2020-05-08
"Castilla-La Mancha","8/5/2020",23293,16278,7015,8867,621,2738,6062,2020-05-08
"Castilla y León","8/5/2020",23437,17807,5630,8394,546,1885,7317,2020-05-08
"Cataluña","8/5/2020",53578,51935,1643,28687,2983,5507,24063,2020-05-08
"Ceuta","8/5/2020",169,110,59,11,4,4,154,2020-05-08
"C. Valenciana","8/5/2020",13676,10661,3015,5317,709,1315,8796,2020-05-08
"Extremadura","8/5/2020",3886,2907,979,1695,109,477,2354,2020-05-08
"Galicia","8/5/2020",10574,9216,1358,2876,323,591,7225,2020-05-08
"Madrid","8/5/2020",69566,64714,4852,41436,3508,8598,39227,2020-05-08
"Melilla","8/5/2020",132,119,13,44,3,2,108,2020-05-08
"Murcia","8/5/2020",2263,1506,757,662,113,138,1767,2020-05-08
"Navarra","8/5/2020",7442,5039,2403,2021,135,487,2917,2020-05-08
"País Vasco","8/5/2020",17553,13111,4442,6865,568,1403,13985,2020-05-08
"La Rioja","8/5/2020",5365,4000,1365,1473,91,344,2581,2020-05-08
"Andalucía","9/5/2020",15403,12315,3088,6080,745,1320,9020,2020-05-09
"Aragón","9/5/2020",6702,5316,1386,2588,263,824,3076,2020-05-09
"Asturias","9/5/2020",3197,2343,854,2185,147,295,1022,2020-05-09
"Baleares","9/5/2020",2055,1950,105,1141,169,209,1401,2020-05-09
"Canarias","9/5/2020",2258,2258,0,935,178,148,1346,2020-05-09
"Cantabria","9/5/2020",2684,2244,440,1028,79,201,1933,2020-05-09
"Castilla-La Mancha","9/5/2020",23662,16343,7319,8895,623,2759,6129,2020-05-09
"Castilla y León","9/5/2020",23786,17917,5869,8468,546,1897,7429,2020-05-09
"Cataluña","9/5/2020",53729,52086,1643,28784,2991,5532,24349,2020-05-09
"Ceuta","9/5/2020",169,110,59,11,4,4,154,2020-05-09
"C. Valenciana","9/5/2020",13840,10713,3127,5354,716,1323,8861,2020-05-09
"Extremadura","9/5/2020",3903,2912,991,1711,109,480,2369,2020-05-09
"Galicia","9/5/2020",10642,9253,1389,2886,325,592,7347,2020-05-09
"Madrid","9/5/2020",69662,64787,4875,41559,3520,8644,39529,2020-05-09
"Melilla","9/5/2020",132,119,13,44,3,2,111,2020-05-09
"Murcia","9/5/2020",2329,1508,821,662,113,139,1782,2020-05-09
"Navarra","9/5/2020",7455,5052,2403,2023,135,488,3014,2020-05-09
"País Vasco","9/5/2020",17677,13156,4521,6902,571,1418,14646,2020-05-09
"La Rioja","9/5/2020",5378,4008,1370,1474,91,346,2648,2020-05-09
