"date","province","ccaa","new_cases","PCR","TestAc","activos","hospitalized","intensive_care","deceased","cases_accumulated","cases_accumulated_PCR","recovered","source_name","source","comments","Muestras totales","Muestras PCR","Muestras TestAc"
"2020-02-29","Asturias","Asturias, Principado de","","","","","0","1","","","1","","Asturias - Portal de Transparencia en Datos","https://app.transparenciaendatos.es/v/#!/5eb4344e16b9fc465933d217","","0","0","0"
"2020-03-01","Asturias","Asturias, Principado de","","","","","0","1","","","1","","Asturias - Portal de Transparencia en Datos","https://app.transparenciaendatos.es/v/#!/5eb4344e16b9fc465933d218","","0","0","0"
"2020-03-02","Asturias","Asturias, Principado de","","","","","0","1","","","1","","Asturias - Portal de Transparencia en Datos","https://app.transparenciaendatos.es/v/#!/5eb4344e16b9fc465933d219","","0","0","0"
"2020-03-03","Asturias","Asturias, Principado de","","","","","1","1","","","2","","Asturias - Portal de Transparencia en Datos","https://app.transparenciaendatos.es/v/#!/5eb4344e16b9fc465933d220","","0","0","0"
"2020-03-04","Asturias","Asturias, Principado de","","","","","1","1","","","3","","Asturias - Portal de Transparencia en Datos","https://app.transparenciaendatos.es/v/#!/5eb4344e16b9fc465933d221","","0","0","0"
"2020-03-05","Asturias","Asturias, Principado de","","","","","2","1","","","4","","Asturias - Portal de Transparencia en Datos","https://app.transparenciaendatos.es/v/#!/5eb4344e16b9fc465933d222","","0","0","0"
"2020-03-06","Asturias","Asturias, Principado de","","","","","5","1","","","6","","Asturias - Portal de Transparencia en Datos","https://app.transparenciaendatos.es/v/#!/5eb4344e16b9fc465933d223","","0","0","0"
"2020-03-07","Asturias","Asturias, Principado de","","","","","5","1","","","7","","Asturias - Portal de Transparencia en Datos","https://app.transparenciaendatos.es/v/#!/5eb4344e16b9fc465933d224","","0","0","0"
"2020-03-08","Asturias","Asturias, Principado de","","","","","5","1","","","9","","Asturias - Portal de Transparencia en Datos","https://app.transparenciaendatos.es/v/#!/5eb4344e16b9fc465933d225","","0","0","0"
"2020-03-09","Asturias","Asturias, Principado de","","","","","9","2","","","11","","Asturias - Portal de Transparencia en Datos","https://app.transparenciaendatos.es/v/#!/5eb4344e16b9fc465933d226","","0","0","0"
"2020-03-10","Asturias","Asturias, Principado de","","","","","9","2","","","32","","Asturias - Portal de Transparencia en Datos","https://app.transparenciaendatos.es/v/#!/5eb4344e16b9fc465933d227","","0","0","0"
"2020-03-11","Asturias","Asturias, Principado de","","","","","10","2","","","36","","Asturias - Portal de Transparencia en Datos","https://app.transparenciaendatos.es/v/#!/5eb4344e16b9fc465933d228","","0","0","0"
"2020-03-12","Asturias","Asturias, Principado de","","","","","10","1","","","40","","Asturias - Portal de Transparencia en Datos","https://app.transparenciaendatos.es/v/#!/5eb4344e16b9fc465933d229","","0","0","0"
"2020-03-13","Asturias","Asturias, Principado de","","","","","14","1","","","73","","Asturias - Portal de Transparencia en Datos","https://app.transparenciaendatos.es/v/#!/5eb4344e16b9fc465933d230","","0","0","0"
"2020-03-14","Asturias","Asturias, Principado de","","","","","18","1","","","107","","Asturias - Portal de Transparencia en Datos","https://app.transparenciaendatos.es/v/#!/5eb4344e16b9fc465933d231","","0","0","0"
"2020-03-15","Asturias","Asturias, Principado de","","","","","21","2","","","149","","Asturias - Portal de Transparencia en Datos","https://app.transparenciaendatos.es/v/#!/5eb4344e16b9fc465933d232","","0","0","0"
"2020-03-16","Asturias","Asturias, Principado de","","","","","29","4","","","193","","Asturias - Portal de Transparencia en Datos","https://app.transparenciaendatos.es/v/#!/5eb4344e16b9fc465933d233","","0","0","0"
"2020-03-17","Asturias","Asturias, Principado de","","","","","38","4","","","242","","Asturias - Portal de Transparencia en Datos","https://app.transparenciaendatos.es/v/#!/5eb4344e16b9fc465933d234","","0","0","0"
"2020-03-18","Asturias","Asturias, Principado de","","","","","48","5","","","292","","Asturias - Portal de Transparencia en Datos","https://app.transparenciaendatos.es/v/#!/5eb4344e16b9fc465933d235","","0","0","0"
"2020-03-19","Asturias","Asturias, Principado de","","","","","69","6","","","344","","Asturias - Portal de Transparencia en Datos","https://app.transparenciaendatos.es/v/#!/5eb4344e16b9fc465933d236","","0","0","0"
"2020-03-20","Asturias","Asturias, Principado de","","","","","99","12","","","486","","Asturias - Portal de Transparencia en Datos","https://app.transparenciaendatos.es/v/#!/5eb4344e16b9fc465933d237","","0","0","0"
"2020-03-21","Asturias","Asturias, Principado de","","","","","128","15","","","545","","Asturias - Portal de Transparencia en Datos","https://app.transparenciaendatos.es/v/#!/5eb4344e16b9fc465933d238","","0","0","0"
"2020-03-22","Asturias","Asturias, Principado de","","","","","156","20","","","594","","Asturias - Portal de Transparencia en Datos","https://app.transparenciaendatos.es/v/#!/5eb4344e16b9fc465933d239","","0","0","0"
"2020-03-23","Asturias","Asturias, Principado de","","","","","158","23","","","662","","Asturias - Portal de Transparencia en Datos","https://app.transparenciaendatos.es/v/#!/5eb4344e16b9fc465933d240","","0","0","0"
"2020-03-24","Asturias","Asturias, Principado de","","","","","166","29","","","779","","Asturias - Portal de Transparencia en Datos","https://app.transparenciaendatos.es/v/#!/5eb4344e16b9fc465933d241","","6200","6200","0"
"2020-03-25","Asturias","Asturias, Principado de","","","","","200","34","","","841","","Asturias - Portal de Transparencia en Datos","https://app.transparenciaendatos.es/v/#!/5eb4344e16b9fc465933d242","","6900","6900","0"
"2020-03-26","Asturias","Asturias, Principado de","","","","","192","48","","","900","","Asturias - Portal de Transparencia en Datos","https://app.transparenciaendatos.es/v/#!/5eb4344e16b9fc465933d243","","8000","8000","0"
"2020-03-27","Asturias","Asturias, Principado de","","","","","214","51","","","1004","","Asturias - Portal de Transparencia en Datos","https://app.transparenciaendatos.es/v/#!/5eb4344e16b9fc465933d244","","8550","8550","0"
"2020-03-28","Asturias","Asturias, Principado de","","","","","249","57","","","1088","","Asturias - Portal de Transparencia en Datos","https://app.transparenciaendatos.es/v/#!/5eb4344e16b9fc465933d245","","9300","9300","0"
"2020-03-29","Asturias","Asturias, Principado de","","","","","281","57","","","1158","","Asturias - Portal de Transparencia en Datos","https://app.transparenciaendatos.es/v/#!/5eb4344e16b9fc465933d246","","9779","9779","0"
"2020-03-30","Asturias","Asturias, Principado de","","","","","306","61","","","1236","","Asturias - Portal de Transparencia en Datos","https://app.transparenciaendatos.es/v/#!/5eb4344e16b9fc465933d247","","10476","10476","0"
"2020-03-31","Asturias","Asturias, Principado de","","","","","318","72","","","1322","","Asturias - Portal de Transparencia en Datos","https://app.transparenciaendatos.es/v/#!/5eb4344e16b9fc465933d248","","11265","11265","0"
"2020-04-01","Asturias","Asturias, Principado de","","","","","309","76","","","1384","","Asturias - Portal de Transparencia en Datos","https://app.transparenciaendatos.es/v/#!/5eb4344e16b9fc465933d249","","12519","12519","0"
"2020-04-02","Asturias","Asturias, Principado de","","","","","329","82","","","1433","","Asturias - Portal de Transparencia en Datos","https://app.transparenciaendatos.es/v/#!/5eb4344e16b9fc465933d250","","13385","13385","0"
"2020-04-03","Asturias","Asturias, Principado de","","","","","347","81","","","1522","","Asturias - Portal de Transparencia en Datos","https://app.transparenciaendatos.es/v/#!/5eb4344e16b9fc465933d251","","14530","14530","0"
"2020-04-04","Asturias","Asturias, Principado de","","","","","356","83","","","1605","","Asturias - Portal de Transparencia en Datos","https://app.transparenciaendatos.es/v/#!/5eb4344e16b9fc465933d252","","15831","15831","0"
"2020-04-05","Asturias","Asturias, Principado de","","","","","364","76","","","1646","","Asturias - Portal de Transparencia en Datos","https://app.transparenciaendatos.es/v/#!/5eb4344e16b9fc465933d253","","16631","16631","0"
"2020-04-06","Asturias","Asturias, Principado de","","","","","377","74","","","1679","","Asturias - Portal de Transparencia en Datos","https://app.transparenciaendatos.es/v/#!/5eb4344e16b9fc465933d254","","17243","17243","0"
"2020-04-07","Asturias","Asturias, Principado de","","","","","354","70","","","1705","","Asturias - Portal de Transparencia en Datos","https://app.transparenciaendatos.es/v/#!/5eb4344e16b9fc465933d255","","18110","18110","0"
"2020-04-08","Asturias","Asturias, Principado de","","","","","350","65","","","1737","","Asturias - Portal de Transparencia en Datos","https://app.transparenciaendatos.es/v/#!/5eb4344e16b9fc465933d256","","19096","19096","0"
"2020-04-09","Asturias","Asturias, Principado de","","","","","346","65","","","1799","","Asturias - Portal de Transparencia en Datos","https://app.transparenciaendatos.es/v/#!/5eb4344e16b9fc465933d257","","20409","20409","0"
"2020-04-10","Asturias","Asturias, Principado de","","","","","330","62","","","1827","","Asturias - Portal de Transparencia en Datos","https://app.transparenciaendatos.es/v/#!/5eb4344e16b9fc465933d258","","21231","21231","0"
"2020-04-11","Asturias","Asturias, Principado de","","","","","341","61","","","1892","","Asturias - Portal de Transparencia en Datos","https://app.transparenciaendatos.es/v/#!/5eb4344e16b9fc465933d259","","22007","22007","0"
"2020-04-12","Asturias","Asturias, Principado de","","","","","371","61","","","1937","","Asturias - Portal de Transparencia en Datos","https://app.transparenciaendatos.es/v/#!/5eb4344e16b9fc465933d260","","23046","22331","715"
"2020-04-13","Asturias","Asturias, Principado de","","","","","383","63","","","2010","","Asturias - Portal de Transparencia en Datos","https://app.transparenciaendatos.es/v/#!/5eb4344e16b9fc465933d261","","24356","23003","1353"
"2020-04-14","Asturias","Asturias, Principado de","","","","","371","60","","","2049","","Asturias - Portal de Transparencia en Datos","https://app.transparenciaendatos.es/v/#!/5eb4344e16b9fc465933d262","","25538","23967","1571"
"2020-04-15","Asturias","Asturias, Principado de","","","","","367","61","","","2081","","Asturias - Portal de Transparencia en Datos","https://app.transparenciaendatos.es/v/#!/5eb4344e16b9fc465933d263","","27095","24855","2240"
"2020-04-16","Asturias","Asturias, Principado de","","","","","367","61","","","2124","","Asturias - Portal de Transparencia en Datos","https://app.transparenciaendatos.es/v/#!/5eb4344e16b9fc465933d264","","28595","25624","2971"
"2020-04-17","Asturias","Asturias, Principado de","","","","","349","58","","","2153","","Asturias - Portal de Transparencia en Datos","https://app.transparenciaendatos.es/v/#!/5eb4344e16b9fc465933d265","","30752","26880","3872"
"2020-04-18","Asturias","Asturias, Principado de","","","","","360","56","","","2172","","Asturias - Portal de Transparencia en Datos","https://app.transparenciaendatos.es/v/#!/5eb4344e16b9fc465933d266","","33111","28446","4665"
"2020-04-19","Asturias","Asturias, Principado de","","","","","358","56","","","2181","","Asturias - Portal de Transparencia en Datos","https://app.transparenciaendatos.es/v/#!/5eb4344e16b9fc465933d267","","34525","29261","5264"
"2020-04-20","Asturias","Asturias, Principado de","","","","","353","53","","","2192","","Asturias - Portal de Transparencia en Datos","https://app.transparenciaendatos.es/v/#!/5eb4344e16b9fc465933d268","","37012","31061","5951"
"2020-04-21","Asturias","Asturias, Principado de","","","","","334","56","","","2218","","Asturias - Portal de Transparencia en Datos","https://app.transparenciaendatos.es/v/#!/5eb4344e16b9fc465933d269","","39164","31851","7313"
"2020-04-22","Asturias","Asturias, Principado de","","","","","315","53","","","2229","","Asturias - Portal de Transparencia en Datos","https://app.transparenciaendatos.es/v/#!/5eb4344e16b9fc465933d270","","41696","33296","8400"
"2020-04-23","Asturias","Asturias, Principado de","","","","","290","50","","","2234","","Asturias - Portal de Transparencia en Datos","https://app.transparenciaendatos.es/v/#!/5eb4344e16b9fc465933d271","","43927","34425","9502"
"2020-04-24","Asturias","Asturias, Principado de","","","","","269","48","","","2238","","Asturias - Portal de Transparencia en Datos","https://app.transparenciaendatos.es/v/#!/5eb4344e16b9fc465933d272","","46949","36181","10768"
"2020-04-25","Asturias","Asturias, Principado de","","","","","258","46","","","2249","","Asturias - Portal de Transparencia en Datos","https://app.transparenciaendatos.es/v/#!/5eb4344e16b9fc465933d273","","48902","37331","11571"
"2020-04-26","Asturias","Asturias, Principado de","","","","","251","45","","","2254","","Asturias - Portal de Transparencia en Datos","https://app.transparenciaendatos.es/v/#!/5eb4344e16b9fc465933d274","","50143","38064","12079"
"2020-04-27","Asturias","Asturias, Principado de","","","","","246","43","","","2255","","Asturias - Portal de Transparencia en Datos","https://app.transparenciaendatos.es/v/#!/5eb4344e16b9fc465933d275","","53548","40370","13178"
"2020-04-28","Asturias","Asturias, Principado de","","","","","231","38","","","2266","","Asturias - Portal de Transparencia en Datos","https://app.transparenciaendatos.es/v/#!/5eb4344e16b9fc465933d276","","56510","42027","14483"
"2020-04-29","Asturias","Asturias, Principado de","","","","","213","34","","","2283","","Asturias - Portal de Transparencia en Datos","https://app.transparenciaendatos.es/v/#!/5eb4344e16b9fc465933d277","","59472","43684","15788"
"2020-04-30","Asturias","Asturias, Principado de","","","","","191","36","","","2298","","Asturias - Portal de Transparencia en Datos","https://app.transparenciaendatos.es/v/#!/5eb4344e16b9fc465933d278","","63302","45225","18077"
"2020-05-01","Asturias","Asturias, Principado de","","","","","166","37","","","2303","","Asturias - Portal de Transparencia en Datos","https://app.transparenciaendatos.es/v/#!/5eb4344e16b9fc465933d279","","67213","48405","18808"
"2020-05-02","Asturias","Asturias, Principado de","","","","","166","35","","","2305","","Asturias - Portal de Transparencia en Datos","https://app.transparenciaendatos.es/v/#!/5eb4344e16b9fc465933d280","","69213","49456","19757"
"2020-05-03","Asturias","Asturias, Principado de","","","","","161","35","","","2306","","Asturias - Portal de Transparencia en Datos","https://app.transparenciaendatos.es/v/#!/5eb4344e16b9fc465933d281","","70640","50307","20333"
"2020-05-04","Asturias","Asturias, Principado de","","","","","153","33","","","2308","","Asturias - Portal de Transparencia en Datos","https://app.transparenciaendatos.es/v/#!/5eb4344e16b9fc465933d282","","74830","51036","23794"
"2020-05-05","Asturias","Asturias, Principado de","","","","","141","29","","","2310","","Asturias - Portal de Transparencia en Datos","https://app.transparenciaendatos.es/v/#!/5eb4344e16b9fc465933d283","","78139","52904","25235"
"2020-05-06","Asturias","Asturias, Principado de","","","","","133","30","","","2326","","Asturias - Portal de Transparencia en Datos","https://app.transparenciaendatos.es/v/#!/5eb4344e16b9fc465933d284","","81431","55007","26424"
"2020-05-07","Asturias","Asturias, Principado de","","","","","124","30","","","2336","","Asturias - Portal de Transparencia en Datos","https://app.transparenciaendatos.es/v/#!/5eb4344e16b9fc465933d285","","86070","56846","29224"
"2020-05-08","Asturias","Asturias, Principado de","","","","","96","31","","","2342","","Asturias - Portal de Transparencia en Datos","https://app.transparenciaendatos.es/v/#!/5eb4344e16b9fc465933d286","","90257","58670","31587"
"2020-05-09","Asturias","Asturias, Principado de","","","","","85","30","","","2343","","Asturias - Portal de Transparencia en Datos","https://app.transparenciaendatos.es/v/#!/5eb4344e16b9fc465933d287","","92578","60201","32377"
"2020-05-10","Asturias","Asturias, Principado de","","","","","87","29","","","2346","","Asturias - Portal de Transparencia en Datos","https://app.transparenciaendatos.es/v/#!/5eb4344e16b9fc465933d288","","94478","61396","33082"
"2020-05-11","Asturias","Asturias, Principado de","","","","","87","26","","","2351","","Asturias - Portal de Transparencia en Datos","https://app.transparenciaendatos.es/v/#!/5eb4344e16b9fc465933d289","","98710","64139","34571"
"2020-05-12","Asturias","Asturias, Principado de","","","","","80","25","","","2356","","Asturias - Portal de Transparencia en Datos","https://app.transparenciaendatos.es/v/#!/5eb4344e16b9fc465933d290","","102706","65803","36903"
"2020-05-13","Asturias","Asturias, Principado de","","","","","73","24","","","2356","","Asturias - Portal de Transparencia en Datos","https://app.transparenciaendatos.es/v/#!/5eb4344e16b9fc465933d291","","102706","65803","36903"
"2020-05-14","Asturias","Asturias, Principado de","","","","","61","23","","","2359","","Asturias - Portal de Transparencia en Datos","https://app.transparenciaendatos.es/v/#!/5eb4344e16b9fc465933d292","","110144","71464","38680"
"2020-05-15","Asturias","Asturias, Principado de","","","","","63","22","","","2366","","Asturias - Portal de Transparencia en Datos","https://app.transparenciaendatos.es/v/#!/5eb4344e16b9fc465933d293","","116711","74022","42689"
"2020-05-16","Asturias","Asturias, Principado de","","","","","59","23","","","2366","","Asturias - Portal de Transparencia en Datos","https://app.transparenciaendatos.es/v/#!/5eb4344e16b9fc465933d294","","118080","75388","42692"
"2020-05-17","Asturias","Asturias, Principado de","","","","","60","23","","","2369","","Asturias - Portal de Transparencia en Datos","https://app.transparenciaendatos.es/v/#!/5eb4344e16b9fc465933d295","","121020","76667","44353"
"2020-05-18","Asturias","Asturias, Principado de","","","","","64","19","","","2373","","Asturias - Portal de Transparencia en Datos","https://app.transparenciaendatos.es/v/#!/5eb4344e16b9fc465933d296","","125604","78697","46907"
"2020-05-19","Asturias","Asturias, Principado de","","","","","52","16","","","2374","","Asturias - Portal de Transparencia en Datos","https://app.transparenciaendatos.es/v/#!/5eb4344e16b9fc465933d297","","129477","80810","48667"
"2020-05-20","Asturias","Asturias, Principado de","","","","","50","15","","","2374","","Asturias - Portal de Transparencia en Datos","https://app.transparenciaendatos.es/v/#!/5eb4344e16b9fc465933d298","","0","0","0"
"2020-05-21","Asturias","Asturias, Principado de","","","","","50","13","","","2376","","Asturias - Portal de Transparencia en Datos","https://app.transparenciaendatos.es/v/#!/5eb4344e16b9fc465933d299","","133425","82008","51417"
"2020-05-22","Asturias","Asturias, Principado de","","","","","40","13","","","2377","","Asturias - Portal de Transparencia en Datos","https://app.transparenciaendatos.es/v/#!/5eb4344e16b9fc465933d300","","136569","83563","53006"
"2020-05-23","Asturias","Asturias, Principado de","","","","","40","13","","","2397","","Asturias - Portal de Transparencia en Datos","https://app.transparenciaendatos.es/v/#!/5eb4344e16b9fc465933d301","","138838","84995","53843"
"2020-05-24","Asturias","Asturias, Principado de","","","","","42","13","","","2399","","Asturias - Portal de Transparencia en Datos","https://app.transparenciaendatos.es/v/#!/5eb4344e16b9fc465933d302","","140908","86370","54538"
"2020-05-25","Asturias","Asturias, Principado de","","","","","38","13","","","2399","","Asturias - Portal de Transparencia en Datos","https://app.transparenciaendatos.es/v/#!/5eb4344e16b9fc465933d303","","144159","88084","56075"
"2020-05-26","Asturias","Asturias, Principado de","","","","","34","13","","","2400","","Asturias - Portal de Transparencia en Datos","https://app.transparenciaendatos.es/v/#!/5eb4344e16b9fc465933d304","","147192","89481","57711"
"2020-05-27","Asturias","Asturias, Principado de","","","","","32","10","","","2400","","Asturias - Portal de Transparencia en Datos","https://app.transparenciaendatos.es/v/#!/5eb4344e16b9fc465933d305","","150347","90738","59609"
"2020-05-28","Asturias","Asturias, Principado de","","","","","29","10","","","2403","","Asturias - Portal de Transparencia en Datos","https://app.transparenciaendatos.es/v/#!/5eb4344e16b9fc465933d306","","153916","92498","61418"
"2020-05-29","Asturias","Asturias, Principado de","","","","","27","10","","","2421","","Asturias - Portal de Transparencia en Datos","https://app.transparenciaendatos.es/v/#!/5eb4344e16b9fc465933d307","","156726","93979","62747"
"2020-05-30","Asturias","Asturias, Principado de","","","","","31","9","","","2424","","Asturias - Portal de Transparencia en Datos","https://app.transparenciaendatos.es/v/#!/5eb4344e16b9fc465933d308","","158644","95359","63285"
"2020-05-31","Asturias","Asturias, Principado de","","","","","30","9","","","2425","","Asturias - Portal de Transparencia en Datos","https://app.transparenciaendatos.es/v/#!/5eb4344e16b9fc465933d309","","159839","96133","63706"
"2020-06-01","Asturias","Asturias, Principado de","","","","","28","9","","","2425","","Asturias - Portal de Transparencia en Datos","https://app.transparenciaendatos.es/v/#!/5eb4344e16b9fc465933d310","","162245","97174","65071"
"2020-06-02","Asturias","Asturias, Principado de","","","","","29","9","","","2425","","Asturias - Portal de Transparencia en Datos","https://app.transparenciaendatos.es/v/#!/5eb4344e16b9fc465933d311","","164892","98742","66150"
"2020-06-03","Asturias","Asturias, Principado de","","","","","26","9","","","2425","","Asturias - Portal de Transparencia en Datos","https://app.transparenciaendatos.es/v/#!/5eb4344e16b9fc465933d312","","166840","99513","67327"
"2020-06-04","Asturias","Asturias, Principado de","","","","","26","9","","","2424","","Asturias - Portal de Transparencia en Datos","https://app.transparenciaendatos.es/v/#!/5eb4344e16b9fc465933d313","","170261","101938","68323"
"2020-06-05","Asturias","Asturias, Principado de","","","","","12","9","","","2426","","Asturias - Portal de Transparencia en Datos","https://app.transparenciaendatos.es/v/#!/5eb4344e16b9fc465933d314","","172634","103480","69154"
"2020-06-06","Asturias","Asturias, Principado de","","","","","12","9","","","2427","","Asturias - Portal de Transparencia en Datos","https://app.transparenciaendatos.es/v/#!/5eb4344e16b9fc465933d315","","174040","104303","69737"
"2020-06-07","Asturias","Asturias, Principado de","","","","","12","9","","","2429","","Asturias - Portal de Transparencia en Datos","https://app.transparenciaendatos.es/v/#!/5eb4344e16b9fc465933d316","","175288","105011","70277"
"2020-06-08","Asturias","Asturias, Principado de","","","","","13","9","","","2431","","Asturias - Portal de Transparencia en Datos","https://app.transparenciaendatos.es/v/#!/5eb4344e16b9fc465933d317","","177342","106210","71132"
"2020-06-09","Asturias","Asturias, Principado de","","","","","13","9","","","2431","","Asturias - Portal de Transparencia en Datos","https://app.transparenciaendatos.es/v/#!/5eb4344e16b9fc465933d318","","179685","107400","72285"
"2020-06-10","Asturias","Asturias, Principado de","","","","","11","9","","","2431","","Asturias - Portal de Transparencia en Datos","https://app.transparenciaendatos.es/v/#!/5eb4344e16b9fc465933d319","","182244","108622","73622"
"2020-06-11","Asturias","Asturias, Principado de","","","","","7","10","","","2435","","Asturias - Portal de Transparencia en Datos","https://app.transparenciaendatos.es/v/#!/5eb4344e16b9fc465933d320","","184184","109400","74784"
"2020-06-12","Asturias","Asturias, Principado de","","","","","7","10","","","2437","","Asturias - Portal de Transparencia en Datos","https://app.transparenciaendatos.es/v/#!/5eb4344e16b9fc465933d321","","184302","110821","75531"
"2020-06-13","Asturias","Asturias, Principado de","","","","","7","11","","","2437","","Asturias - Portal de Transparencia en Datos","https://app.transparenciaendatos.es/v/#!/5eb4344e16b9fc465933d322","","187434","111352","76082"
"2020-06-14","Asturias","Asturias, Principado de","","","","","7","12","","","2437","","Asturias - Portal de Transparencia en Datos","https://app.transparenciaendatos.es/v/#!/5eb4344e16b9fc465933d323","","188848","112182","76666"
"2020-06-15","Asturias","Asturias, Principado de","","","","","9","12","","","2436","","Asturias - Portal de Transparencia en Datos","https://app.transparenciaendatos.es/v/#!/5eb4344e16b9fc465933d324","","190888","113249","77639"
"2020-06-16","Asturias","Asturias, Principado de","","","","","5","11","","","2436","","Asturias - Portal de Transparencia en Datos","https://app.transparenciaendatos.es/v/#!/5eb4344e16b9fc465933d325","","193246","114225","79021"
"2020-06-17","Asturias","Asturias, Principado de","","","","","8","7","","","2435","","Asturias - Portal de Transparencia en Datos","https://app.transparenciaendatos.es/v/#!/5eb4344e16b9fc465933d326","","195837","115746","80091"
"2020-06-18","Asturias","Asturias, Principado de","","","","","5","9","","","2435","","Asturias - Portal de Transparencia en Datos","https://app.transparenciaendatos.es/v/#!/5eb4344e16b9fc465933d327","","198078","116752","81326"
"2020-06-19","Asturias","Asturias, Principado de","","","","","3","9","","","2435","","Asturias - Portal de Transparencia en Datos","https://app.transparenciaendatos.es/v/#!/5eb4344e16b9fc465933d328","","199981","117766","82125"
"2020-06-21","Asturias","Asturias, Principado de","","","","","5","8","","","2435","","Asturias - Portal de Transparencia en Datos","https://app.transparenciaendatos.es/v/#!/5eb4344e16b9fc465933d329","","203409","119765","83644"
"2020-06-22","Asturias","Asturias, Principado de","","","","","4","8","","","2435","","Asturias - Portal de Transparencia en Datos","https://app.transparenciaendatos.es/v/#!/5eb4344e16b9fc465933d330","","204386","120317","84069"
"2020-06-23","Asturias","Asturias, Principado de","","","","","4","7","","","2435","","Asturias - Portal de Transparencia en Datos","https://app.transparenciaendatos.es/v/#!/5eb4344e16b9fc465933d331","","206466","121555","84911"
"2020-06-24","Asturias","Asturias, Principado de","","","","","3","6","","","2435","","Asturias - Portal de Transparencia en Datos","https://app.transparenciaendatos.es/v/#!/5eb4344e16b9fc465933d332","","208395","122594","85801"
"2020-06-25","Asturias","Asturias, Principado de","","","","","1","6","","","2435","","Asturias - Portal de Transparencia en Datos","https://app.transparenciaendatos.es/v/#!/5eb4344e16b9fc465933d333","","210439","123803","86636"
"2020-06-27","Asturias","Asturias, Principado de","","","","","1","5","","","2435","","Asturias - Portal de Transparencia en Datos","https://app.transparenciaendatos.es/v/#!/5eb4344e16b9fc465933d334","","213749","125889","87860"
"2020-06-28","Asturias","Asturias, Principado de","","","","","1","5","","","2435","","Asturias - Portal de Transparencia en Datos","https://app.transparenciaendatos.es/v/#!/5eb4344e16b9fc465933d335","","214964","126677","88287"
"2020-06-29","Asturias","Asturias, Principado de","","","","","1","5","","","2435","","Asturias - Portal de Transparencia en Datos","https://app.transparenciaendatos.es/v/#!/5eb4344e16b9fc465933d336","","216470","127439","89031"
"2020-06-30","Asturias","Asturias, Principado de","","","","","1","4","","","2435","","Asturias - Portal de Transparencia en Datos","https://app.transparenciaendatos.es/v/#!/5eb4344e16b9fc465933d337","","218516","128877","89639"
"2020-07-01","Asturias","Asturias, Principado de","","","","","1","4","","","2435","","Asturias - Portal de Transparencia en Datos","https://app.transparenciaendatos.es/v/#!/5eb4344e16b9fc465933d338","","220258","130165","90093"
"2020-07-02","Asturias","Asturias, Principado de","","","","","1","4","","","2435","","Asturias - Portal de Transparencia en Datos","https://app.transparenciaendatos.es/v/#!/5eb4344e16b9fc465933d339","","221780","131276","90504"
"2020-07-04","Asturias","Asturias, Principado de","","","","","0","4","","","2435","","Asturias - Portal de Transparencia en Datos","https://app.transparenciaendatos.es/v/#!/5eb4344e16b9fc465933d340","","224416","133051","91365"
"2020-07-05","Asturias","Asturias, Principado de","","","","","0","4","","","2435","","Asturias - Portal de Transparencia en Datos","https://app.transparenciaendatos.es/v/#!/5eb4344e16b9fc465933d341","","225215","133744","91471"
"2020-07-06","Asturias","Asturias, Principado de","","","","","1","3","","","2436","","Asturias - Portal de Transparencia en Datos","https://app.transparenciaendatos.es/v/#!/5eb4344e16b9fc465933d342","","226833","134664","92169"
"2020-07-07","Asturias","Asturias, Principado de","","","","","1","3","","","2436","","Asturias - Portal de Transparencia en Datos","https://app.transparenciaendatos.es/v/#!/5eb4344e16b9fc465933d343","","228619","135940","92679"
"2020-07-08","Asturias","Asturias, Principado de","","","","","1","3","","","2436","","Asturias - Portal de Transparencia en Datos","https://app.transparenciaendatos.es/v/#!/5eb4344e16b9fc465933d344","","230477","137319","93158"
"2020-07-09","Asturias","Asturias, Principado de","","","","","1","3","","","2437","","Asturias - Portal de Transparencia en Datos","https://app.transparenciaendatos.es/v/#!/5eb4344e16b9fc465933d345","","232383","138660","93723"
"2020-07-12","Asturias","Asturias, Principado de","","","","","1","3","","","2437","","Asturias - Portal de Transparencia en Datos","https://app.transparenciaendatos.es/v/#!/5eb4344e16b9fc465933d346","","235634","141070","94564"
"2020-07-13","Asturias","Asturias, Principado de","","","","","1","3","","","2442","","Asturias - Portal de Transparencia en Datos","https://app.transparenciaendatos.es/v/#!/5eb4344e16b9fc465933d347","","236960","142075","95110"
"2020-07-14","Asturias","Asturias, Principado de","","","","","1","3","","","2442","","Asturias - Portal de Transparencia en Datos","https://app.transparenciaendatos.es/v/#!/5eb4344e16b9fc465933d348","","238832","143207","95625"
"2020-07-15","Asturias","Asturias, Principado de","","","","","1","3","339","","2442","","Asturias - Portal de Transparencia en Datos","https://app.transparenciaendatos.es/v/#!/5eb4344e16b9fc465933d217","","240487","144388","96099"
"2020-07-16","Asturias","Asturias, Principado de","","","","","1","3","339","","2442","","Asturias - Portal de Transparencia en Datos","https://app.transparenciaendatos.es/v/#!/5eb4344e16b9fc465933d217","","242180","145570","96610"
"2020-07-17","Asturias","Asturias, Principado de","","","","","","","","","2443","","Coronavirus Asturias COVID-19 - Coronavirus - Noticias","https://coronavirus.asturias.es/","Fin de semana. No salen datos","","",""
"2020-07-18","Asturias","Asturias, Principado de","","","","","","","","","2445","","Coronavirus Asturias COVID-19 - Coronavirus - Noticias","https://coronavirus.asturias.es/","Fin de semana. No salen datos","","",""
"2020-07-19","Asturias","Asturias, Principado de","","","","","1","3","339","","2446","2077","Coronavirus Asturias COVID-19 - Coronavirus","https://coronavirus.asturias.es/","","245328","148012","97541"
"2020-07-20","Asturias","Asturias, Principado de","","","","","2","3","339","","2448","","Asturias - Portal de Transparencia en Datos","https://app.transparenciaendatos.es/v/#!/5eb4344e16b9fc465933d217","","247333","149076","98257"
"2020-07-21","Asturias","Asturias, Principado de","","","","","2","3","339","","2450","2077","Coronavirus Asturias COVID-19 - Coronavirus","https://coronavirus.asturias.es/","","249199","150301","98898"
"2020-07-22","Asturias","Asturias, Principado de","","","","","2","3","339","","2450","2077","https://coronavirus.asturias.es/","","","249199","150301","98898"
"2020-07-23","Asturias","Asturias, Principado de","","","","","3","3","339","","2452","2077","Gobierno de Asturias - Twitter","https://twitter.com/GobAsturias/status/1286281770187526144","","","",""
"2020-07-24","Asturias","Asturias, Principado de","","","","","3","3","339","","2454","2077","Gobierno de Asturias - Twitter","https://twitter.com/GobAsturias/status/1286626238912770049","","","",""
"2020-07-25","Asturias","Asturias, Principado de","","","","","","","","","","","","","NO HAY DATOS","","",""
"2020-07-26","Asturias","Asturias, Principado de","","","","","","","","","","","","","NO HAY DATOS","","",""
"2020-07-27","Asturias","Asturias, Principado de","","","","","3","3","339","","2467","2077","Gobierno de Asturias - Twitter","https://twitter.com/GobAsturias/status/1287759705587306496","","","",""
"2020-07-28","Asturias","Asturias, Principado de","","","","","3","3","340","","2470","2077","Gobierno de Asturias - Twitter","https://twitter.com/GobAsturias/status/1288103439713464321","","","",""
"2020-07-29","Asturias","Asturias, Principado de","","","","","4","2","340","","2484","2082","Gobierno de Asturias - Twitter","https://twitter.com/GobAsturias/status/1288457080232345606","","","",""
"2020-07-30","Asturias","Asturias, Principado de","","","","","3","3","340","","2503","2082","Gobierno de Asturias - Twitter","https://twitter.com/GobAsturias/status/1288826336782487553","","","",""
"2020-07-31","Asturias","Asturias, Principado de","","","","","3","3","340","","2529","2082","Gobierno de Asturias - Twitter","https://twitter.com/GobAsturias/status/1289208994075049986","","","",""
"2020-08-01","Asturias","Asturias, Principado de","","","","","","","","","","","","","NO HAY DATOS","","",""
"2020-08-02","Asturias","Asturias, Principado de","","","","","","","","","","","","","NO HAY DATOS","","",""
"2020-08-03","Asturias","Asturias, Principado de","8","","","","0","4","340","","2555","2083","Gobierno de Asturias - Twitter","https://twitter.com/GobAsturias/status/1290270876953321472","","","",""
"2020-08-04","Asturias","Asturias, Principado de","","","","","0","4","340","","2564","2083","Gobierno de Asturias - Twitter","https://twitter.com/GobAsturias/status/1290627512662458371","","","",""
"2020-08-05","Asturias","Asturias, Principado de","","","","","0","4","340","","2588","2083","Gobierno de Asturias - Twitter","https://twitter.com/GobAsturias/status/1290990674536538112","","","",""
"2020-08-06","Asturias","Asturias, Principado de","","","","","4","0","340","","2620","2083","Gobierno de Asturias - Twitter","https://twitter.com/GobAsturias/status/1291352044884955136","","","",""
"2020-08-07","Asturias","Asturias, Principado de","","","","","4","1","340","","2651","2088","Gobierno de Asturias - Twitter","https://twitter.com/GobAsturias/status/1291712609583063046","","","",""
"2020-08-08","Asturias","Asturias, Principado de","15","","","","","","","","2666","","Gobierno de Asturias - Coronavirus","https://coronavirus.asturias.es/-/salud-notifica-quince-nuevos-positivos-por-coronavirus-tres-de-los-cuales-est%C3%A1n-relacionados-con-otros-tantos-brotes-activos?redirect=%2F","","","",""
"2020-08-09","Asturias","Asturias, Principado de","21","","","","","","","","","","Gobierno de Asturias - Coronavirus","https://coronavirus.asturias.es/-/salud-confirma-21-nuevos-casos-de-coronavirus-s%C3%B3lo-uno-relacionado-con-los-brotes-existentes?redirect=/","","","",""
"2020-08-10","Asturias","Asturias, Principado de","","","","","2","4","340","","2707","2088","Gobierno de Asturias - Twitter","https://twitter.com/GobAsturias/status/1292811709078482944","","","",""
"2020-08-11","Asturias","Asturias, Principado de","","","","","3","3","340","","2718","2095","Gobierno de Asturias - Twitter","https://twitter.com/GobAsturias/status/1293165847087849472","","","",""
"2020-08-12","Asturias","Asturias, Principado de","","","","","3","3","340","","2741","2107","Gobierno de Asturias - Twitter","https://twitter.com/GobAsturias/status/1293530678542438402","","","",""
"2020-08-13","Asturias","Asturias, Principado de","","","","","3","5","340","","2774","2107","Gobierno de Asturias - Twitter","https://twitter.com/GobAsturias/status/1293886934192988171","","","",""
"2020-08-14","Asturias","Asturias, Principado de","","","","","2","5","340","","2798","2122","Gobierno de Asturias - Twitter","https://twitter.com/GobAsturias/status/1294240169940389893","","","",""