date,province,ccaa,new_cases,activos,hospitalized,intensive_care,deceased,cases_accumulated,cases_per_100000,recovered,source,comments
2020-03-13,Almería,Andalucía,0,,,0,0,9,,0,https://www.juntadeandalucia.es/organismos/saludyfamilias/actualidad/noticias/detalle/233232.html,
2020-03-14,Almería,Andalucía,0,,,0,0,14,,0,https://www.juntadeandalucia.es/organismos/saludyfamilias/actualidad/noticias/detalle/233259.html,Comunicado a las 20h.
2020-03-15,Almería,Andalucía,1,,,0,0,14,,0,https://www.juntadeandalucia.es/organismos/saludyfamilias/actualidad/noticias/detalle/233263.html,Comunicado a las 9h.
2020-03-16,Almería,Andalucía,3,,,1,0,26,,0,https://www.juntadeandalucia.es/organismos/saludyfamilias/actualidad/noticias/detalle/233307.html,Comunicado a las 9h.
2020-03-17,Almería,Andalucía,3,,,,0,26,,0,https://www.juntadeandalucia.es/organismos/saludyfamilias/actualidad/noticias/detalle/233362.html,
2020-03-18,Almería,Andalucía,3,,,,0,30,,0,https://www.juntadeandalucia.es/organismos/saludyfamilias/actualidad/noticias/detalle/233400.html,
2020-03-19,Almería,Andalucía,7,,,,0,37,"11,84",0,Flourish de RTVE: https://public.flourish.studio/visualisation/1451263,
2020-03-13,Cádiz,Andalucía,1,,,1,0,19,,0,https://www.juntadeandalucia.es/organismos/saludyfamilias/actualidad/noticias/detalle/233232.html,
2020-03-14,Cádiz,Andalucía,7,,,1,0,29,,0,https://www.juntadeandalucia.es/organismos/saludyfamilias/actualidad/noticias/detalle/233259.html,Comunicado a las 20h.
2020-03-15,Cádiz,Andalucía,8,,,1,0,34,,0,https://www.juntadeandalucia.es/organismos/saludyfamilias/actualidad/noticias/detalle/233263.html,Comunicado a las 9h.
2020-03-16,Cádiz,Andalucía,3,,,1,0,56,,0,https://www.juntadeandalucia.es/organismos/saludyfamilias/actualidad/noticias/detalle/233307.html,Comunicado a las 9h.
2020-03-17,Cádiz,Andalucía,3,,,,0,56,,0,https://www.juntadeandalucia.es/organismos/saludyfamilias/actualidad/noticias/detalle/233362.html,
2020-03-18,Cádiz,Andalucía,3,,,,0,74,,0,https://www.juntadeandalucia.es/organismos/saludyfamilias/actualidad/noticias/detalle/233400.html,
2020-03-19,Cádiz,Andalucía,15,,,,0,84,"11,84",0,Flourish de RTVE: https://public.flourish.studio/visualisation/1451263,
2020-03-13,Córdoba,Andalucía,3,,,0,0,9,,0,https://www.juntadeandalucia.es/organismos/saludyfamilias/actualidad/noticias/detalle/233232.html,
2020-03-14,Córdoba,Andalucía,4,,,1,0,35,,0,https://www.juntadeandalucia.es/organismos/saludyfamilias/actualidad/noticias/detalle/233259.html,Comunicado a las 20h.
2020-03-15,Córdoba,Andalucía,6,,,2,0,37,,0,https://www.juntadeandalucia.es/organismos/saludyfamilias/actualidad/noticias/detalle/233263.html,Comunicado a las 9h.
2020-03-16,Córdoba,Andalucía,18,,,5,0,68,,0,https://www.juntadeandalucia.es/organismos/saludyfamilias/actualidad/noticias/detalle/233307.html,Comunicado a las 9h.
2020-03-17,Córdoba,Andalucía,18,,,,0,68,,0,https://www.juntadeandalucia.es/organismos/saludyfamilias/actualidad/noticias/detalle/233362.html,
2020-03-18,Córdoba,Andalucía,19,,,,0,78,,0,https://www.juntadeandalucia.es/organismos/saludyfamilias/actualidad/noticias/detalle/233400.html,
2020-03-19,Córdoba,Andalucía,26,,,,0,101,"11,84",0,Flourish de RTVE: https://public.flourish.studio/visualisation/1451263,
2020-03-13,Granada,Andalucía,3,,,0,0,14,,0,https://www.juntadeandalucia.es/organismos/saludyfamilias/actualidad/noticias/detalle/233232.html,
2020-03-14,Granada,Andalucía,11,,,5,0,43,,0,https://www.juntadeandalucia.es/organismos/saludyfamilias/actualidad/noticias/detalle/233259.html,Comunicado a las 20h.
2020-03-15,Granada,Andalucía,20,,,3,0,57,,0,https://www.juntadeandalucia.es/organismos/saludyfamilias/actualidad/noticias/detalle/233263.html,Comunicado a las 9h.
2020-03-16,Granada,Andalucía,36,,,4,2,95,,0,https://www.juntadeandalucia.es/organismos/saludyfamilias/actualidad/noticias/detalle/233307.html,Comunicado a las 9h.
2020-03-17,Granada,Andalucía,36,,,,2,95,,0,https://www.juntadeandalucia.es/organismos/saludyfamilias/actualidad/noticias/detalle/233362.html,
2020-03-18,Granada,Andalucía,29,,,,6,130,,0,https://www.juntadeandalucia.es/organismos/saludyfamilias/actualidad/noticias/detalle/233400.html,
2020-03-19,Granada,Andalucía,66,,,,7,176,"11,84",0,Flourish de RTVE: https://public.flourish.studio/visualisation/1451263,
2020-03-13,Huelva,Andalucía,0,,,0,0,2,,0,https://www.juntadeandalucia.es/organismos/saludyfamilias/actualidad/noticias/detalle/233232.html,
2020-03-14,Huelva,Andalucía,0,,,1,0,6,,0,https://www.juntadeandalucia.es/organismos/saludyfamilias/actualidad/noticias/detalle/233259.html,Comunicado a las 20h.
2020-03-15,Huelva,Andalucía,0,,,0,0,6,,0,https://www.juntadeandalucia.es/organismos/saludyfamilias/actualidad/noticias/detalle/233263.html,Comunicado a las 9h.
2020-03-16,Huelva,Andalucía,1,,,1,0,8,,0,https://www.juntadeandalucia.es/organismos/saludyfamilias/actualidad/noticias/detalle/233307.html,Comunicado a las 9h.
2020-03-17,Huelva,Andalucía,1,,,,0,8,,0,https://www.juntadeandalucia.es/organismos/saludyfamilias/actualidad/noticias/detalle/233362.html,
2020-03-18,Huelva,Andalucía,4,,,,0,14,,0,https://www.juntadeandalucia.es/organismos/saludyfamilias/actualidad/noticias/detalle/233400.html,
2020-03-19,Huelva,Andalucía,15,,,,0,23,"11,84",0,Flourish de RTVE: https://public.flourish.studio/visualisation/1451263,
2020-03-13,Jaén,Andalucía,9,,,1,0,30,,0,https://www.juntadeandalucia.es/organismos/saludyfamilias/actualidad/noticias/detalle/233232.html,
2020-03-14,Jaén,Andalucía,5,,,0,1,38,,0,https://www.juntadeandalucia.es/organismos/saludyfamilias/actualidad/noticias/detalle/233259.html,Comunicado a las 20h.
2020-03-15,Jaén,Andalucía,3,,,1,2,47,,0,https://www.juntadeandalucia.es/organismos/saludyfamilias/actualidad/noticias/detalle/233263.html,Comunicado a las 9h.
2020-03-16,Jaén,Andalucía,8,,,0,2,52,,0,https://www.juntadeandalucia.es/organismos/saludyfamilias/actualidad/noticias/detalle/233307.html,Comunicado a las 9h.
2020-03-17,Jaén,Andalucía,8,,,,2,52,,0,https://www.juntadeandalucia.es/organismos/saludyfamilias/actualidad/noticias/detalle/233362.html,
2020-03-18,Jaén,Andalucía,10,,,,2,77,,0,https://www.juntadeandalucia.es/organismos/saludyfamilias/actualidad/noticias/detalle/233400.html,
2020-03-19,Jaén,Andalucía,32,,,,2,88,"11,84",0,Flourish de RTVE: https://public.flourish.studio/visualisation/1451263,
2020-03-13,Málaga,Andalucía,39,,,9,0,111,,0,https://www.juntadeandalucia.es/organismos/saludyfamilias/actualidad/noticias/detalle/233232.html,
2020-03-14,Málaga,Andalucía,53,,,12,4,159,,0,https://www.juntadeandalucia.es/organismos/saludyfamilias/actualidad/noticias/detalle/233259.html,Comunicado a las 20h.
2020-03-15,Málaga,Andalucía,81,,,12,4,180,,0,https://www.juntadeandalucia.es/organismos/saludyfamilias/actualidad/noticias/detalle/233263.html,Comunicado a las 9h.
2020-03-16,Málaga,Andalucía,97,,,13,6,278,,0,https://www.juntadeandalucia.es/organismos/saludyfamilias/actualidad/noticias/detalle/233307.html,Comunicado a las 9h.
2020-03-17,Málaga,Andalucía,97,,,,6,278,,0,https://www.juntadeandalucia.es/organismos/saludyfamilias/actualidad/noticias/detalle/233362.html,
2020-03-18,Málaga,Andalucía,113,,,,10,333,,0,https://www.juntadeandalucia.es/organismos/saludyfamilias/actualidad/noticias/detalle/233400.html,
2020-03-19,Málaga,Andalucía,93,,,,13,361,"11,84",0,Flourish de RTVE: https://public.flourish.studio/visualisation/1451263,
2020-03-13,Sevilla,Andalucía,3,,,1,0,25,,1,https://www.juntadeandalucia.es/organismos/saludyfamilias/actualidad/noticias/detalle/233232.html,
2020-03-14,Sevilla,Andalucía,13,,,1,0,52,,1,https://www.juntadeandalucia.es/organismos/saludyfamilias/actualidad/noticias/detalle/233259.html,Comunicado a las 20h.
2020-03-15,Sevilla,Andalucía,15,,,4,0,62,,1,https://www.juntadeandalucia.es/organismos/saludyfamilias/actualidad/noticias/detalle/233263.html,Comunicado a las 9h.
2020-03-16,Sevilla,Andalucía,34,,,9,1,100,,1,https://www.juntadeandalucia.es/organismos/saludyfamilias/actualidad/noticias/detalle/233307.html,Comunicado a las 9h.
2020-03-17,Sevilla,Andalucía,34,,,,1,100,,1,https://www.juntadeandalucia.es/organismos/saludyfamilias/actualidad/noticias/detalle/233362.html,
2020-03-18,Sevilla,Andalucía,42,,,,1,123,,1,https://www.juntadeandalucia.es/organismos/saludyfamilias/actualidad/noticias/detalle/233400.html,
2020-03-19,Sevilla,Andalucía,53,,,,1,138,"11,84",1,Flourish de RTVE: https://public.flourish.studio/visualisation/1451263,
2020-03-19,Huesca,Aragón,,24,,,,24,"21,22",,Flourish de RTVE: https://public.flourish.studio/visualisation/1451263,Hay 6 casos más en la comunidad que no son residentes en Aragón.
2020-03-19,Teruel,Aragón,,26,,,1,27,"21,22",,Flourish de RTVE: https://public.flourish.studio/visualisation/1451263,Hay 6 casos más en la comunidad que no son residentes en Aragón.
2020-03-19,Zaragoza,Aragón,,210,,,14,224,"21,22",,Flourish de RTVE: https://public.flourish.studio/visualisation/1451263,Hay 6 casos más en la comunidad que no son residentes en Aragón.
2020-02-27,Asturias,"Asturias, Principado de",,,,,,0,,,https://github.com/datadista/datasets/tree/master/COVID%2019 de Ministerio de Sanidad,
2020-02-28,Asturias,"Asturias, Principado de",,,,,,0,,,https://github.com/datadista/datasets/tree/master/COVID%2019 de Ministerio de Sanidad,
2020-03-02,Asturias,"Asturias, Principado de",,,,,,1,,,https://github.com/datadista/datasets/tree/master/COVID%2019 de Ministerio de Sanidad,
2020-03-03,Asturias,"Asturias, Principado de",,,,,0,1,,,https://github.com/datadista/datasets/tree/master/COVID%2019 de Ministerio de Sanidad,
2020-03-04,Asturias,"Asturias, Principado de",,,,1,0,2,,,https://github.com/datadista/datasets/tree/master/COVID%2019 de Ministerio de Sanidad,
2020-03-05,Asturias,"Asturias, Principado de",,,,2,0,5,,,https://github.com/datadista/datasets/tree/master/COVID%2019 de Ministerio de Sanidad,
2020-03-06,Asturias,"Asturias, Principado de",,,,2,0,5,,,https://github.com/datadista/datasets/tree/master/COVID%2019 de Ministerio de Sanidad,
2020-03-09,Asturias,"Asturias, Principado de",,,,2,0,7,,,https://github.com/datadista/datasets/tree/master/COVID%2019 de Ministerio de Sanidad,
2020-03-10,Asturias,"Asturias, Principado de",,,,2,0,22,,,https://github.com/datadista/datasets/tree/master/COVID%2019 de Ministerio de Sanidad,
2020-03-11,Asturias,"Asturias, Principado de",,,,2,0,32,,,https://github.com/datadista/datasets/tree/master/COVID%2019 de Ministerio de Sanidad,
2020-03-12,Asturias,"Asturias, Principado de",,,,2,1,47,,,https://github.com/datadista/datasets/tree/master/COVID%2019 de Ministerio de Sanidad,
2020-03-13,Asturias,"Asturias, Principado de",,,,2,1,67,,,https://github.com/datadista/datasets/tree/master/COVID%2019 de Ministerio de Sanidad,
2020-03-14,Asturias,"Asturias, Principado de",,,,,1,92,,,https://github.com/datadista/datasets/tree/master/COVID%2019 de Ministerio de Sanidad,
2020-03-15,Asturias,"Asturias, Principado de",,,,,1,137,,,https://github.com/datadista/datasets/tree/master/COVID%2019 de Ministerio de Sanidad,
2020-03-16,Asturias,"Asturias, Principado de",,,,3,1,177,,3,https://github.com/datadista/datasets/tree/master/COVID%2019 de Ministerio de Sanidad,
2020-03-17,Asturias,"Asturias, Principado de",,,,5,1,193,,3,https://github.com/datadista/datasets/tree/master/COVID%2019 de Ministerio de Sanidad,
2020-03-18,Asturias,"Asturias, Principado de",,,,5,1,242,,4,https://github.com/datadista/datasets/tree/master/COVID%2019 de Ministerio de Sanidad,
2020-03-19,Asturias,"Asturias, Principado de",,285,,5,3,292,"28,06",4,Flourish de RTVE: https://public.flourish.studio/visualisation/1451263 y https://github.com/datadista/datasets/tree/master/COVID%2019 de Ministerio de Sanidad,
2020-02-27,Baleares,"Balears, Illes",,,,,,1,,,https://github.com/datadista/datasets/tree/master/COVID%2019 de Ministerio de Sanidad,
2020-02-28,Baleares,"Balears, Illes",,,,,,1,,,https://github.com/datadista/datasets/tree/master/COVID%2019 de Ministerio de Sanidad,
2020-03-02,Baleares,"Balears, Illes",,,,,,2,,,https://github.com/datadista/datasets/tree/master/COVID%2019 de Ministerio de Sanidad,
2020-03-03,Baleares,"Balears, Illes",,,,,0,2,,,https://github.com/datadista/datasets/tree/master/COVID%2019 de Ministerio de Sanidad,
2020-03-04,Baleares,"Balears, Illes",,,,0,0,5,,,https://github.com/datadista/datasets/tree/master/COVID%2019 de Ministerio de Sanidad,
2020-03-05,Baleares,"Balears, Illes",,,,0,0,6,,,https://github.com/datadista/datasets/tree/master/COVID%2019 de Ministerio de Sanidad,
2020-03-06,Baleares,"Balears, Illes",,,,0,0,6,,,https://github.com/datadista/datasets/tree/master/COVID%2019 de Ministerio de Sanidad,
2020-03-09,Baleares,"Balears, Illes",,,,0,0,11,,,https://github.com/datadista/datasets/tree/master/COVID%2019 de Ministerio de Sanidad,
2020-03-10,Baleares,"Balears, Illes",,,,1,0,13,,,https://github.com/datadista/datasets/tree/master/COVID%2019 de Ministerio de Sanidad,
2020-03-11,Baleares,"Balears, Illes",,,,1,0,16,,,https://github.com/datadista/datasets/tree/master/COVID%2019 de Ministerio de Sanidad,
2020-03-12,Baleares,"Balears, Illes",,,,2,1,22,,,https://github.com/datadista/datasets/tree/master/COVID%2019 de Ministerio de Sanidad,
2020-03-13,Baleares,"Balears, Illes",,,,2,1,30,,,https://github.com/datadista/datasets/tree/master/COVID%2019 de Ministerio de Sanidad,
2020-03-14,Baleares,"Balears, Illes",,,,,1,28,,,https://github.com/datadista/datasets/tree/master/COVID%2019 de Ministerio de Sanidad,
2020-03-15,Baleares,"Balears, Illes",,,,,1,28,,,https://github.com/datadista/datasets/tree/master/COVID%2019 de Ministerio de Sanidad,
2020-03-16,Baleares,"Balears, Illes",,,,4,1,73,,1,https://github.com/datadista/datasets/tree/master/COVID%2019 de Ministerio de Sanidad,
2020-03-17,Baleares,"Balears, Illes",,,,4,1,92,,1,https://github.com/datadista/datasets/tree/master/COVID%2019 de Ministerio de Sanidad,
2020-03-18,Baleares,"Balears, Illes",,,,4,1,112,,4,https://github.com/datadista/datasets/tree/master/COVID%2019 de Ministerio de Sanidad,
2020-03-19,"Balears, Illes","Balears, Illes",,160,,7,3,169,"14,18",6,Flourish de RTVE: https://public.flourish.studio/visualisation/1451263,
2020-03-19,Fuerteventura,Canarias,,11,,,0,11,"9,84",0,Flourish de RTVE: https://public.flourish.studio/visualisation/1451263,Hay 1 alta más que el Gobierno canario no asigna a ninguna isla.
2020-03-19,Gran Canaria,Canarias,,54,,,1,55,"9,84",0,Flourish de RTVE: https://public.flourish.studio/visualisation/1451263,Hay 1 alta más que el Gobierno canario no asigna a ninguna isla.
2020-03-19,La Gomera,Canarias,,1,,,0,3,"9,84",2,Flourish de RTVE: https://public.flourish.studio/visualisation/1451263,Hay 1 alta más que el Gobierno canario no asigna a ninguna isla.
2020-03-19,La Palma,Canarias,,5,,,0,5,"9,84",0,Flourish de RTVE: https://public.flourish.studio/visualisation/1451263,Hay 1 alta más que el Gobierno canario no asigna a ninguna isla.
2020-03-19,Lanzarote,Canarias,,3,,,0,3,"9,84",0,Flourish de RTVE: https://public.flourish.studio/visualisation/1451263,Hay 1 alta más que el Gobierno canario no asigna a ninguna isla.
2020-03-19,Tenerife,Canarias,,135,,,3,210,"9,84",6,Flourish de RTVE: https://public.flourish.studio/visualisation/1451263,Hay 1 alta más que el Gobierno canario no asigna a ninguna isla.
2020-02-27,Cantabria,Cantabria,,,,,,0,,,https://github.com/datadista/datasets/tree/master/COVID%2019 de Ministerio de Sanidad,
2020-02-28,Cantabria,Cantabria,,,,,,0,,,https://github.com/datadista/datasets/tree/master/COVID%2019 de Ministerio de Sanidad,
2020-03-02,Cantabria,Cantabria,,,,,,10,,,https://github.com/datadista/datasets/tree/master/COVID%2019 de Ministerio de Sanidad,
2020-03-03,Cantabria,Cantabria,,,,,0,10,,,https://github.com/datadista/datasets/tree/master/COVID%2019 de Ministerio de Sanidad,
2020-03-04,Cantabria,Cantabria,,,,0,0,10,,,https://github.com/datadista/datasets/tree/master/COVID%2019 de Ministerio de Sanidad,
2020-03-05,Cantabria,Cantabria,,,,0,0,10,,,https://github.com/datadista/datasets/tree/master/COVID%2019 de Ministerio de Sanidad,
2020-03-06,Cantabria,Cantabria,,,,0,0,10,,,https://github.com/datadista/datasets/tree/master/COVID%2019 de Ministerio de Sanidad,
2020-03-09,Cantabria,Cantabria,,,,0,0,12,,,https://github.com/datadista/datasets/tree/master/COVID%2019 de Ministerio de Sanidad,
2020-03-10,Cantabria,Cantabria,,,,0,0,12,,,https://github.com/datadista/datasets/tree/master/COVID%2019 de Ministerio de Sanidad,
2020-03-11,Cantabria,Cantabria,,,,0,0,12,,,https://github.com/datadista/datasets/tree/master/COVID%2019 de Ministerio de Sanidad,
2020-03-12,Cantabria,Cantabria,,,,0,0,16,,,https://github.com/datadista/datasets/tree/master/COVID%2019 de Ministerio de Sanidad,
2020-03-13,Cantabria,Cantabria,,,,0,0,29,,,https://github.com/datadista/datasets/tree/master/COVID%2019 de Ministerio de Sanidad,
2020-03-14,Cantabria,Cantabria,,,,,0,31,,,https://github.com/datadista/datasets/tree/master/COVID%2019 de Ministerio de Sanidad,
2020-03-15,Cantabria,Cantabria,,,,,0,51,,,https://github.com/datadista/datasets/tree/master/COVID%2019 de Ministerio de Sanidad,
2020-03-16,Cantabria,Cantabria,,,,2,0,58,,,https://github.com/datadista/datasets/tree/master/COVID%2019 de Ministerio de Sanidad,
2020-03-17,Cantabria,Cantabria,,,,2,0,58,,,https://github.com/datadista/datasets/tree/master/COVID%2019 de Ministerio de Sanidad,
2020-03-18,Cantabria,Cantabria,,,,3,1,68,,,https://github.com/datadista/datasets/tree/master/COVID%2019 de Ministerio de Sanidad,
2020-03-19,Cantabria,Cantabria,,72,,4,1,83,"12,56",10,Flourish de RTVE: https://public.flourish.studio/visualisation/1451263 y https://github.com/datadista/datasets/tree/master/COVID%2019 de Ministerio de Sanidad,
2020-03-13,Albacete,Castilla - La Mancha,,,,,,38,,2,https://sanidad.castillalamancha.es/saladeprensa/notas-de-prensa/castilla-la-mancha-confirma-194-casos-positivos-por-infeccion-de,More info about this initiative at https://code.montera34.com:4443/numeroteca/covid19/-/tree/master
2020-03-14,Albacete,Castilla - La Mancha,,,,,0,70,,,https://sanidad.castillalamancha.es/saladeprensa/notas-de-prensa/castilla-la-mancha-eleva-el-numero-de-casos-confirmados-por-infeccion,Pide acceso para editar!
2020-03-15,Albacete,Castilla - La Mancha,,,,,1,79,,2,https://sanidad.castillalamancha.es/saladeprensa/notas-de-prensa/se-elevan-401-los-casos-confirmados-por-coronavirus-en-castilla-la,Usa el nombre correcto de provincia (ver siguiente pesataña)
2020-03-16,Albacete,Castilla - La Mancha,,,,,5,126,,,https://sanidad.castillalamancha.es/saladeprensa/notas-de-prensa/toledo-16-de-marzo-de-2020-el-gobierno-de-castilla-la-mancha-traves-de,
2020-03-17,Albacete,Castilla - La Mancha,,,,5,5,148,,2,https://sanidad.castillalamancha.es/saladeprensa/notas-de-prensa/castilla-la-mancha-confirma-662-casos-confirmados-por-coronavirus,
2020-03-19,Albacete,Castilla - La Mancha,,231,,,20,259,"38,76",8,Flourish de RTVE: https://public.flourish.studio/visualisation/1451263,
2020-03-13,Ciudad Real,Castilla - La Mancha,,,,,,44,,2,https://sanidad.castillalamancha.es/saladeprensa/notas-de-prensa/castilla-la-mancha-confirma-194-casos-positivos-por-infeccion-de,
2020-03-14,Ciudad Real,Castilla - La Mancha,,,,,2,49,,,https://sanidad.castillalamancha.es/saladeprensa/notas-de-prensa/castilla-la-mancha-eleva-el-numero-de-casos-confirmados-por-infeccion,
2020-03-15,Ciudad Real,Castilla - La Mancha,,,,,5,85,,4,https://sanidad.castillalamancha.es/saladeprensa/notas-de-prensa/se-elevan-401-los-casos-confirmados-por-coronavirus-en-castilla-la,
2020-03-16,Ciudad Real,Castilla - La Mancha,,,,,7,127,,5,https://sanidad.castillalamancha.es/saladeprensa/notas-de-prensa/toledo-16-de-marzo-de-2020-el-gobierno-de-castilla-la-mancha-traves-de,
2020-03-17,Ciudad Real,Castilla - La Mancha,,,,7,9,139,,,https://sanidad.castillalamancha.es/saladeprensa/notas-de-prensa/castilla-la-mancha-confirma-662-casos-confirmados-por-coronavirus,
2020-03-19,Ciudad Real,Castilla - La Mancha,,189,,,21,216,"38,76",6,Flourish de RTVE: https://public.flourish.studio/visualisation/1451263,
2020-03-13,Cuenca,Castilla - La Mancha,,,,,,11,,0,https://sanidad.castillalamancha.es/saladeprensa/notas-de-prensa/castilla-la-mancha-confirma-194-casos-positivos-por-infeccion-de,
2020-03-14,Cuenca,Castilla - La Mancha,,,,,2,24,,,https://sanidad.castillalamancha.es/saladeprensa/notas-de-prensa/castilla-la-mancha-eleva-el-numero-de-casos-confirmados-por-infeccion,
2020-03-15,Cuenca,Castilla - La Mancha,,,,,2,30,,0,https://sanidad.castillalamancha.es/saladeprensa/notas-de-prensa/se-elevan-401-los-casos-confirmados-por-coronavirus-en-castilla-la,
2020-03-16,Cuenca,Castilla - La Mancha,,,,,2,44,,,https://sanidad.castillalamancha.es/saladeprensa/notas-de-prensa/toledo-16-de-marzo-de-2020-el-gobierno-de-castilla-la-mancha-traves-de,
2020-03-17,Cuenca,Castilla - La Mancha,,,,2,2,51,,,https://sanidad.castillalamancha.es/saladeprensa/notas-de-prensa/castilla-la-mancha-confirma-662-casos-confirmados-por-coronavirus,
2020-03-19,Cuenca,Castilla - La Mancha,,64,,,4,72,"38,76",4,Flourish de RTVE: https://public.flourish.studio/visualisation/1451263,
2020-03-13,Guadalajara,Castilla - La Mancha,,,,,,70,,0,https://sanidad.castillalamancha.es/saladeprensa/notas-de-prensa/castilla-la-mancha-confirma-194-casos-positivos-por-infeccion-de,
2020-03-14,Guadalajara,Castilla - La Mancha,,,,,0,88,,,https://sanidad.castillalamancha.es/saladeprensa/notas-de-prensa/castilla-la-mancha-eleva-el-numero-de-casos-confirmados-por-infeccion,
2020-03-15,Guadalajara,Castilla - La Mancha,,,,,,109,,2,https://sanidad.castillalamancha.es/saladeprensa/notas-de-prensa/se-elevan-401-los-casos-confirmados-por-coronavirus-en-castilla-la,
2020-03-16,Guadalajara,Castilla - La Mancha,,,,,,137,,,https://sanidad.castillalamancha.es/saladeprensa/notas-de-prensa/toledo-16-de-marzo-de-2020-el-gobierno-de-castilla-la-mancha-traves-de,
2020-03-17,Guadalajara,Castilla - La Mancha,,,,2,,145,,2,https://sanidad.castillalamancha.es/saladeprensa/notas-de-prensa/castilla-la-mancha-confirma-662-casos-confirmados-por-coronavirus,
2020-03-19,Guadalajara,Castilla - La Mancha,,200,,,3,205,"38,76",2,Flourish de RTVE: https://public.flourish.studio/visualisation/1451263,
2020-03-13,Toledo,Castilla - La Mancha,,,,,,31,,1,https://sanidad.castillalamancha.es/saladeprensa/notas-de-prensa/castilla-la-mancha-confirma-194-casos-positivos-por-infeccion-de,
2020-03-14,Toledo,Castilla - La Mancha,,,,,1,58,,,https://sanidad.castillalamancha.es/saladeprensa/notas-de-prensa/castilla-la-mancha-eleva-el-numero-de-casos-confirmados-por-infeccion,
2020-03-15,Toledo,Castilla - La Mancha,,,,,2,98,,5,https://sanidad.castillalamancha.es/saladeprensa/notas-de-prensa/se-elevan-401-los-casos-confirmados-por-coronavirus-en-castilla-la,
2020-03-16,Toledo,Castilla - La Mancha,,,,,3,133,,,https://sanidad.castillalamancha.es/saladeprensa/notas-de-prensa/toledo-16-de-marzo-de-2020-el-gobierno-de-castilla-la-mancha-traves-de,
2020-03-17,Toledo,Castilla - La Mancha,,,,12,7,179,,6,https://sanidad.castillalamancha.es/saladeprensa/notas-de-prensa/castilla-la-mancha-confirma-662-casos-confirmados-por-coronavirus,
2020-03-19,Toledo,Castilla - La Mancha,,265,,,14,293,"38,76",14,Flourish de RTVE: https://public.flourish.studio/visualisation/1451263,
2020-03-13,Ávila,Castilla y León,3,,,,0,3,,0,https://analisis.datosabiertos.jcyl.es/pages/coronavirus/,
2020-03-14,Ávila,Castilla y León,7,,,,0,10,,0,https://analisis.datosabiertos.jcyl.es/pages/coronavirus/,
2020-03-15,Ávila,Castilla y León,0,,,,0,10,,0,https://analisis.datosabiertos.jcyl.es/pages/coronavirus/,
2020-03-16,Ávila,Castilla y León,7,,,,0,17,,0,https://analisis.datosabiertos.jcyl.es/pages/coronavirus/,
2020-03-17,Ávila,Castilla y León,1,,,,0,18,,1,https://analisis.datosabiertos.jcyl.es/pages/coronavirus/,
2020-03-18,Ávila,Castilla y León,24,,,1,1,42,,1,https://analisis.datosabiertos.jcyl.es/pages/coronavirus/,
2020-03-19,Ávila,Castilla y León,,55,,,2,59,"35,72",2,Flourish de RTVE: https://public.flourish.studio/visualisation/1451263,
2020-03-13,Burgos,Castilla y León,29,,,,1,90,,0,https://analisis.datosabiertos.jcyl.es/pages/coronavirus/,
2020-03-14,Burgos,Castilla y León,23,,,,2,113,,0,https://analisis.datosabiertos.jcyl.es/pages/coronavirus/,
2020-03-15,Burgos,Castilla y León,8,,,,4,119,,0,https://analisis.datosabiertos.jcyl.es/pages/coronavirus/,
2020-03-16,Burgos,Castilla y León,2,,,,4,121,,0,https://analisis.datosabiertos.jcyl.es/pages/coronavirus/,
2020-03-17,Burgos,Castilla y León,5,,,,5,126,,9,https://analisis.datosabiertos.jcyl.es/pages/coronavirus/,
2020-03-18,Burgos,Castilla y León,39,,,19,5,165,,11,https://analisis.datosabiertos.jcyl.es/pages/coronavirus/,
2020-03-19,Burgos,Castilla y León,,165,,,8,187,"35,72",14,Flourish de RTVE: https://public.flourish.studio/visualisation/1451263,
2020-03-13,León,Castilla y León,22,,,,0,32,,0,https://analisis.datosabiertos.jcyl.es/pages/coronavirus/,
2020-03-14,León,Castilla y León,1,,,,0,33,,1,https://analisis.datosabiertos.jcyl.es/pages/coronavirus/,
2020-03-15,León,Castilla y León,14,,,,1,47,,1,https://analisis.datosabiertos.jcyl.es/pages/coronavirus/,
2020-03-16,León,Castilla y León,0,,,,1,47,,1,https://analisis.datosabiertos.jcyl.es/pages/coronavirus/,
2020-03-17,León,Castilla y León,28,,,,3,75,,2,https://analisis.datosabiertos.jcyl.es/pages/coronavirus/,
2020-03-18,León,Castilla y León,31,,,7,4,106,,3,https://analisis.datosabiertos.jcyl.es/pages/coronavirus/,
2020-03-19,León,Castilla y León,,126,,,5,134,"35,72",3,Flourish de RTVE: https://public.flourish.studio/visualisation/1451263,
2020-03-13,Palencia,Castilla y León,1,,,,0,1,,0,https://analisis.datosabiertos.jcyl.es/pages/coronavirus/,
2020-03-14,Palencia,Castilla y León,2,,,,0,3,,0,https://analisis.datosabiertos.jcyl.es/pages/coronavirus/,
2020-03-15,Palencia,Castilla y León,2,,,,0,5,,0,https://analisis.datosabiertos.jcyl.es/pages/coronavirus/,
2020-03-16,Palencia,Castilla y León,1,,,,0,6,,0,https://analisis.datosabiertos.jcyl.es/pages/coronavirus/,
2020-03-17,Palencia,Castilla y León,1,,,,0,7,,1,https://analisis.datosabiertos.jcyl.es/pages/coronavirus/,
2020-03-18,Palencia,Castilla y León,-1,,,1,0,6,,1,https://analisis.datosabiertos.jcyl.es/pages/coronavirus/,
2020-03-19,Palencia,Castilla y León,,13,,,0,14,"35,72",1,Flourish de RTVE: https://public.flourish.studio/visualisation/1451263,
2020-03-13,Salamanca,Castilla y León,5,,,,1,11,,1,https://analisis.datosabiertos.jcyl.es/pages/coronavirus/,
2020-03-14,Salamanca,Castilla y León,1,,,,2,12,,1,https://analisis.datosabiertos.jcyl.es/pages/coronavirus/,
2020-03-15,Salamanca,Castilla y León,19,,,,3,31,,1,https://analisis.datosabiertos.jcyl.es/pages/coronavirus/,
2020-03-16,Salamanca,Castilla y León,1,,,,4,32,,3,https://analisis.datosabiertos.jcyl.es/pages/coronavirus/,
2020-03-17,Salamanca,Castilla y León,33,,,,6,65,,4,https://analisis.datosabiertos.jcyl.es/pages/coronavirus/,
2020-03-18,Salamanca,Castilla y León,60,,,4,8,125,,4,https://analisis.datosabiertos.jcyl.es/pages/coronavirus/,
2020-03-19,Salamanca,Castilla y León,,129,,,12,149,"35,72",8,Flourish de RTVE: https://public.flourish.studio/visualisation/1451263,
2020-03-13,Segovia,Castilla y León,6,,,,1,15,,0,https://analisis.datosabiertos.jcyl.es/pages/coronavirus/,
2020-03-14,Segovia,Castilla y León,7,,,,1,22,,0,https://analisis.datosabiertos.jcyl.es/pages/coronavirus/,
2020-03-15,Segovia,Castilla y León,5,,,,1,27,,0,https://analisis.datosabiertos.jcyl.es/pages/coronavirus/,
2020-03-16,Segovia,Castilla y León,6,,,,3,33,,0,https://analisis.datosabiertos.jcyl.es/pages/coronavirus/,
2020-03-17,Segovia,Castilla y León,0,,,,5,33,,0,https://analisis.datosabiertos.jcyl.es/pages/coronavirus/,
2020-03-18,Segovia,Castilla y León,43,,,5,6,76,,3,https://analisis.datosabiertos.jcyl.es/pages/coronavirus/,
2020-03-19,Segovia,Castilla y León,,111,,,7,121,"35,72",3,Flourish de RTVE: https://public.flourish.studio/visualisation/1451263,
2020-03-13,Soria,Castilla y León,1,,,,0,1,,0,https://analisis.datosabiertos.jcyl.es/pages/coronavirus/,
2020-03-14,Soria,Castilla y León,3,,,,0,4,,0,https://analisis.datosabiertos.jcyl.es/pages/coronavirus/,
2020-03-15,Soria,Castilla y León,1,,,,0,5,,0,https://analisis.datosabiertos.jcyl.es/pages/coronavirus/,
2020-03-16,Soria,Castilla y León,5,,,,0,10,,1,https://analisis.datosabiertos.jcyl.es/pages/coronavirus/,
2020-03-17,Soria,Castilla y León,7,,,,2,17,,2,https://analisis.datosabiertos.jcyl.es/pages/coronavirus/,
2020-03-18,Soria,Castilla y León,23,,,5,4,40,,4,https://analisis.datosabiertos.jcyl.es/pages/coronavirus/,
2020-03-19,Soria,Castilla y León,,49,,,5,58,"35,72",4,Flourish de RTVE: https://public.flourish.studio/visualisation/1451263,
2020-03-13,Valladolid,Castilla y León,7,,,,0,11,,0,https://analisis.datosabiertos.jcyl.es/pages/coronavirus/,
2020-03-14,Valladolid,Castilla y León,10,,,,0,21,,0,https://analisis.datosabiertos.jcyl.es/pages/coronavirus/,
2020-03-15,Valladolid,Castilla y León,19,,,,0,40,,0,https://analisis.datosabiertos.jcyl.es/pages/coronavirus/,
2020-03-16,Valladolid,Castilla y León,16,,,,0,56,,0,https://analisis.datosabiertos.jcyl.es/pages/coronavirus/,
2020-03-17,Valladolid,Castilla y León,18,,,,0,74,,0,https://analisis.datosabiertos.jcyl.es/pages/coronavirus/,
2020-03-18,Valladolid,Castilla y León,8,,,8,0,82,,0,https://analisis.datosabiertos.jcyl.es/pages/coronavirus/,
2020-03-19,Valladolid,Castilla y León,,111,,,3,115,"35,72",1,Flourish de RTVE: https://public.flourish.studio/visualisation/1451263,
2020-03-13,Zamora,Castilla y León,3,,,,0,5,,0,https://analisis.datosabiertos.jcyl.es/pages/coronavirus/,
2020-03-14,Zamora,Castilla y León,0,,,,0,5,,0,https://analisis.datosabiertos.jcyl.es/pages/coronavirus/,
2020-03-15,Zamora,Castilla y León,3,,,,0,8,,0,https://analisis.datosabiertos.jcyl.es/pages/coronavirus/,
2020-03-16,Zamora,Castilla y León,4,,,,0,12,,0,https://analisis.datosabiertos.jcyl.es/pages/coronavirus/,
2020-03-17,Zamora,Castilla y León,4,,,,0,16,,0,https://analisis.datosabiertos.jcyl.es/pages/coronavirus/,
2020-03-18,Zamora,Castilla y León,10,,,4,1,26,,0,https://analisis.datosabiertos.jcyl.es/pages/coronavirus/,
2020-03-19,Zamora,Castilla y León,,29,,,1,31,"35,72",1,Flourish de RTVE: https://public.flourish.studio/visualisation/1451263,
2020-03-19,Cataluña,Cataluña,,3185,,,82,3270,"34,89",3,Flourish de RTVE: https://public.flourish.studio/visualisation/1451263,
2020-02-27,Ceuta,Ceuta,,,,,,0,,,https://github.com/datadista/datasets/tree/master/COVID%2019 de Ministerio de Sanidad,
2020-02-28,Ceuta,Ceuta,,,,,,0,,,https://github.com/datadista/datasets/tree/master/COVID%2019 de Ministerio de Sanidad,
2020-03-02,Ceuta,Ceuta,,,,,,0,,,https://github.com/datadista/datasets/tree/master/COVID%2019 de Ministerio de Sanidad,
2020-03-03,Ceuta,Ceuta,,,,,0,0,,,https://github.com/datadista/datasets/tree/master/COVID%2019 de Ministerio de Sanidad,
2020-03-04,Ceuta,Ceuta,,,,0,0,0,,,https://github.com/datadista/datasets/tree/master/COVID%2019 de Ministerio de Sanidad,
2020-03-05,Ceuta,Ceuta,,,,0,0,0,,,https://github.com/datadista/datasets/tree/master/COVID%2019 de Ministerio de Sanidad,
2020-03-06,Ceuta,Ceuta,,,,0,0,0,,,https://github.com/datadista/datasets/tree/master/COVID%2019 de Ministerio de Sanidad,
2020-03-09,Ceuta,Ceuta,,,,0,0,0,,,https://github.com/datadista/datasets/tree/master/COVID%2019 de Ministerio de Sanidad,
2020-03-10,Ceuta,Ceuta,,,,0,0,0,,,https://github.com/datadista/datasets/tree/master/COVID%2019 de Ministerio de Sanidad,
2020-03-11,Ceuta,Ceuta,,,,0,0,0,,,https://github.com/datadista/datasets/tree/master/COVID%2019 de Ministerio de Sanidad,
2020-03-12,Ceuta,Ceuta,,,,0,0,0,,,https://github.com/datadista/datasets/tree/master/COVID%2019 de Ministerio de Sanidad,
2020-03-13,Ceuta,Ceuta,,,,0,0,0,,,https://github.com/datadista/datasets/tree/master/COVID%2019 de Ministerio de Sanidad,
2020-03-14,Ceuta,Ceuta,,,,,0,0,,,https://github.com/datadista/datasets/tree/master/COVID%2019 de Ministerio de Sanidad,
2020-03-15,Ceuta,Ceuta,,,,,0,1,,,https://github.com/datadista/datasets/tree/master/COVID%2019 de Ministerio de Sanidad,
2020-03-16,Ceuta,Ceuta,,,,0,0,1,,,https://github.com/datadista/datasets/tree/master/COVID%2019 de Ministerio de Sanidad,
2020-03-17,Ceuta,Ceuta,,,,0,0,1,,,https://github.com/datadista/datasets/tree/master/COVID%2019 de Ministerio de Sanidad,
2020-03-19,Ceuta,Ceuta,,5,,0,0,5,"1,18",0,Flourish de RTVE: https://public.flourish.studio/visualisation/1451263 y https://github.com/datadista/datasets/tree/master/COVID%2019 de Ministerio de Sanidad,
2020-03-13,Alicante/Alacant,Comunitat Valenciana,4,,,,,39,,,http://www.san.gva.es/documents/151311/8475611/200313+COMUNICADO+CORONAVIRUS.pdf,
2020-03-14,Alicante/Alacant,Comunitat Valenciana,18,,,,,57,,,http://www.san.gva.es/documents/151311/8476524/200314+NOTA+DE+PRENSA+CORONAVIRUS.pdf,
2020-03-15,Alicante/Alacant,Comunitat Valenciana,94,,,,,151,,,http://www.san.gva.es/documents/151311/8477533/20200315+NOTA+CORONAVIRUS,
2020-03-16,Alicante/Alacant,Comunitat Valenciana,42,,,,,,,,http://www.san.gva.es/documents/151311/8481579/20200316+Nota+coronavirus,
2020-03-17,Alicante/Alacant,Comunitat Valenciana,2,,48,9,,186,,,http://www.san.gva.es/documents/151311/8482973/20200317+NOTA+CORONAVIRUS,
2020-03-18,Alicante/Alacant,Comunitat Valenciana,103,,105,17,11,293,,0,http://www.san.gva.es/documents/151311/8476524/200314+NOTA+DE+PRENSA+CORONAVIRUS.pdf,https://www.rtve.es/noticias/20200319/mapa-del-coronavirus-espana/2004681.shtml
2020-03-19,Alicante/Alacant,Comunitat Valenciana,,316,,,11,338,"18,03",11,Flourish de RTVE: https://public.flourish.studio/visualisation/1451263,Hay 2 casos más que no son residencia en la Comunitat Valenciana.
2020-03-13,Castellón/Castelló,Comunitat Valenciana,0,,,,1,5,,,http://www.san.gva.es/documents/151311/8475611/200313+COMUNICADO+CORONAVIRUS.pdf,
2020-03-14,Castellón/Castelló,Comunitat Valenciana,2,,,,,7,,,http://www.san.gva.es/documents/151311/8476524/200314+NOTA+DE+PRENSA+CORONAVIRUS.pdf,
2020-03-15,Castellón/Castelló,Comunitat Valenciana,18,,,,,25,,,http://www.san.gva.es/documents/151311/8477533/20200315+NOTA+CORONAVIRUS,
2020-03-16,Castellón/Castelló,Comunitat Valenciana,13,,,,,,,,http://www.san.gva.es/documents/151311/8481579/20200316+Nota+coronavirus,
2020-03-17,Castellón/Castelló,Comunitat Valenciana,7,,6,,,39,,,http://www.san.gva.es/documents/151311/8482973/20200317+NOTA+CORONAVIRUS,
2020-03-18,Castellón/Castelló,Comunitat Valenciana,14,,19,2,1,54,,0,http://www.san.gva.es/documents/151311/8476524/200314+NOTA+DE+PRENSA+CORONAVIRUS.pdf,https://www.rtve.es/noticias/20200319/mapa-del-coronavirus-espana/2004681.shtml
2020-03-19,Castellón/Castelló,Comunitat Valenciana,,57,,,1,59,"18,03",1,Flourish de RTVE: https://public.flourish.studio/visualisation/1451263,Hay 2 casos más que no son residencia en la Comunitat Valenciana.
2020-03-13,Valencia/València,Comunitat Valenciana,17,,,,1,104,,,http://www.san.gva.es/documents/151311/8475611/200313+COMUNICADO+CORONAVIRUS.pdf,
2020-03-14,Valencia/València,Comunitat Valenciana,20,,,,,124,,,http://www.san.gva.es/documents/151311/8476524/200314+NOTA+DE+PRENSA+CORONAVIRUS.pdf,
2020-03-15,Valencia/València,Comunitat Valenciana,104,,,,,227,,,http://www.san.gva.es/documents/151311/8477533/20200315+NOTA+CORONAVIRUS,
2020-03-16,Valencia/València,Comunitat Valenciana,52,,,,,,,,http://www.san.gva.es/documents/151311/8481579/20200316+Nota+coronavirus,
2020-03-17,Valencia/València,Comunitat Valenciana,17,,81,18,,304,,,http://www.san.gva.es/documents/151311/8482973/20200317+NOTA+CORONAVIRUS,
2020-03-18,Valencia/València,Comunitat Valenciana,68,,128,21,10,377,,0,http://www.san.gva.es/documents/151311/8476524/200314+NOTA+DE+PRENSA+CORONAVIRUS.pdf,https://www.rtve.es/noticias/20200319/mapa-del-coronavirus-espana/2004681.shtml
2020-03-19,Valencia/València,Comunitat Valenciana,,503,,,12,522,"18,03",7,Flourish de RTVE: https://public.flourish.studio/visualisation/1451263,Hay 2 casos más que no son residencia en la Comunitat Valenciana.
2020-03-01,Badajoz,Extremadura,2,,,0,0,2,,0,https://www.hoy.es/extremadura/sanidad-confirma-coronavirus-20200301102100-nt.html,
2020-03-02,Badajoz,Extremadura,2,,,0,0,4,,0,http://www.juntaex.es/comunicacion/noticia?idPub=29831#.XnOS0XJ7mM8,
2020-03-03,Badajoz,Extremadura,0,,,0,0,4,,0,,
2020-03-04,Badajoz,Extremadura,0,,,0,0,4,,0,,
2020-03-05,Badajoz,Extremadura,0,,,0,0,4,,0,http://www.juntaex.es/comunicacion/noticia?idPub=29866#.XnOUWnJ7mM8,
2020-03-06,Badajoz,Extremadura,0,,,0,0,4,,0,http://www.juntaex.es/comunicacion/noticia?idPub=29875#.XnOUlHJ7mM8,
2020-03-07,Badajoz,Extremadura,0,,,0,0,4,,0,,
2020-03-08,Badajoz,Extremadura,0,,,0,0,4,,0,,
2020-03-09,Badajoz,Extremadura,0,,,0,0,4,,0,,
2020-03-10,Badajoz,Extremadura,1,,,0,0,5,,0,http://www.juntaex.es/comunicacion/noticia?idPub=29900#.XnOVMnJ7mM8,
2020-03-11,Badajoz,Extremadura,0,,,0,0,5,,0,,
2020-03-12,Badajoz,Extremadura,3,,,0,0,8,,1,https://www.hoy.es/extremadura/extremadura-acumula-casos-20200312113829-nt.html,
2020-03-13,Badajoz,Extremadura,3,,,0,0,11,,1,http://www.juntaex.es/comunicacion/noticia?idPub=29920#.XnOYfXJ7mM8,
2020-03-14,Badajoz,Extremadura,14,,,1,0,25,,3,http://www.juntaex.es/comunicacion/noticia?idPub=29927#.XnOdfnJ7mM8,
2020-03-15,Badajoz,Extremadura,3,,,1,0,28,,3,https://www.hoy.es/extremadura/numero-contagiados-coronavirus-20200315121755-nt.html,
2020-03-16,Badajoz,Extremadura,11,,,1,0,39,,3,https://www.elperiodicoextremadura.com/noticias/sociedad/extremadura-suma-128-casos-coronavirus-dos-focos-arroyo-malpartida-plasenca_1224497.html,
2020-03-17,Badajoz,Extremadura,11,,,1,0,50,,3,https://www.hoy.es/extremadura/extremadura-registra-casos-20200317123937-nt.html,
2020-03-18,Badajoz,Extremadura,11,,,1,0,61,,4,http://www.juntaex.es/comunicacion/noticia?idPub=29940#.XnOlYnJ7mM8,
2020-03-19,Badajoz,Extremadura,16,73,11,1,0,77,"22,01",4,Flourish de RTVE: https://public.flourish.studio/visualisation/1451263,http://www.juntaex.es/comunicacion/noticia?idPub=29949#.XnYrdXJ7mM8
2020-03-01,Cáceres,Extremadura,2,,,0,0,2,,0,https://www.hoy.es/extremadura/sanidad-confirma-coronavirus-20200301102100-nt.html,
2020-03-02,Cáceres,Extremadura,0,,,0,0,2,,0,http://www.juntaex.es/comunicacion/noticia?idPub=29831#.XnOS0XJ7mM9,
2020-03-03,Cáceres,Extremadura,0,,,0,0,2,,0,,
2020-03-04,Cáceres,Extremadura,0,,,0,0,2,,0,,
2020-03-05,Cáceres,Extremadura,0,,,0,0,2,,0,http://www.juntaex.es/comunicacion/noticia?idPub=29866#.XnOUWnJ7mM9,
2020-03-06,Cáceres,Extremadura,0,,,0,0,2,,0,http://www.juntaex.es/comunicacion/noticia?idPub=29875#.XnOUlHJ7mM8,
2020-03-07,Cáceres,Extremadura,0,,,0,0,2,,0,,
2020-03-08,Cáceres,Extremadura,0,,,0,0,2,,0,,
2020-03-09,Cáceres,Extremadura,1,,,0,0,3,,1,https://www.hoy.es/prov-caceres/extremadura-registra-nuevo-20200309134239-nt.html,
2020-03-10,Cáceres,Extremadura,0,,,0,0,3,,1,http://www.juntaex.es/comunicacion/noticia?idPub=29900#.XnOVMnJ7mM9,
2020-03-11,Cáceres,Extremadura,2,,,1,1,5,,1,https://www.hoy.es/extremadura/primera-muerte-coronavirus-20200311112331-nt.html,
2020-03-12,Cáceres,Extremadura,12,,,1,1,17,,2,https://www.hoy.es/extremadura/extremadura-acumula-casos-20200312113829-nt.html,
2020-03-13,Cáceres,Extremadura,14,,,1,1,31,,2,http://www.juntaex.es/comunicacion/noticia?idPub=29920#.XnOYfXJ7mM8,
2020-03-14,Cáceres,Extremadura,14,,,1,2,45,,2,http://www.juntaex.es/comunicacion/noticia?idPub=29927#.XnOdfnJ7mM8,
2020-03-15,Cáceres,Extremadura,22,,,1,3,67,,2,https://www.hoy.es/extremadura/numero-contagiados-coronavirus-20200315121755-nt.html,
2020-03-16,Cáceres,Extremadura,22,,,1,3,89,,2,https://www.elperiodicoextremadura.com/noticias/sociedad/extremadura-suma-128-casos-coronavirus-dos-focos-arroyo-malpartida-plasenca_1224497.html,
2020-03-17,Cáceres,Extremadura,14,,,2,5,103,,2,https://www.hoy.es/extremadura/extremadura-registra-casos-20200317123937-nt.html,
2020-03-18,Cáceres,Extremadura,30,,,2,8,133,,2,http://www.juntaex.es/comunicacion/noticia?idPub=29940#.XnOlYnJ7mM8,
2020-03-19,Cáceres,Extremadura,31,153,24,2,9,164,"22,01",2,Flourish de RTVE: https://public.flourish.studio/visualisation/1451263,http://www.juntaex.es/comunicacion/noticia?idPub=29949#.XnYrdXJ7mM8
2020-03-19,"Coruña, A",Galicia,,219,,,3,222,"16,74",4¹,Flourish de RTVE: https://public.flourish.studio/visualisation/1451263,¹La Xunta no especifica el lugar de las altas.
2020-03-19,Lugo,Galicia,,36,,,0,36,"16,74",4¹,Flourish de RTVE: https://public.flourish.studio/visualisation/1451263,¹La Xunta no especifica el lugar de las altas.
2020-03-19,Ourense,Galicia,,46,,,0,46,"16,74",4¹,Flourish de RTVE: https://public.flourish.studio/visualisation/1451263,¹La Xunta no especifica el lugar de las altas.
2020-03-19,Pontevedra,Galicia,,143,,,2,145,"16,74",4¹,Flourish de RTVE: https://public.flourish.studio/visualisation/1451263,¹La Xunta no especifica el lugar de las altas.
2020-02-25,Madrid,"Madrid, Comunidad de",,,,,,2,,,https://www.epdata.es/datos/coronavirus-china-datos-graficos/498,
2020-02-27,Madrid,"Madrid, Comunidad de",,,,,,4,,,,
2020-02-28,Madrid,"Madrid, Comunidad de",,,,,,5,,,https://www.epdata.es/datos/coronavirus-china-datos-graficos/498,
2020-03-01,Madrid,"Madrid, Comunidad de",,,,,,15,,,https://www.epdata.es/datos/coronavirus-china-datos-graficos/498,
2020-03-02,Madrid,"Madrid, Comunidad de",,,,,,29,,,https://www.epdata.es/datos/coronavirus-china-datos-graficos/498,
2020-03-03,Madrid,"Madrid, Comunidad de",,,,,,49,,,https://www.epdata.es/datos/coronavirus-china-datos-graficos/498,
2020-03-04,Madrid,"Madrid, Comunidad de",,,,2,0,70,,,https://www.epdata.es/datos/coronavirus-china-datos-graficos/498,
2020-03-05,Madrid,"Madrid, Comunidad de",,,,2,1,90,,,https://www.epdata.es/datos/coronavirus-china-datos-graficos/498,
2020-03-06,Madrid,"Madrid, Comunidad de",,,,2,2,137,,,https://www.epdata.es/datos/coronavirus-china-datos-graficos/498,
2020-03-07,Madrid,"Madrid, Comunidad de",,,,,,174,,,https://www.epdata.es/datos/coronavirus-china-datos-graficos/498,
2020-03-08,Madrid,"Madrid, Comunidad de",,,,,,202,,,https://www.epdata.es/datos/coronavirus-china-datos-graficos/498,
2020-03-09,Madrid,"Madrid, Comunidad de",,,,53,8,469,,,https://www.epdata.es/datos/coronavirus-china-datos-graficos/498,
2020-03-10,Madrid,"Madrid, Comunidad de",,,,77,21,782,,,https://www.epdata.es/datos/coronavirus-china-datos-graficos/498,
2020-03-11,Madrid,"Madrid, Comunidad de",,,,102,31,1024,,,https://www.epdata.es/datos/coronavirus-china-datos-graficos/498,
2020-03-12,Madrid,"Madrid, Comunidad de",,,,135,56,1388,,,https://www.epdata.es/datos/coronavirus-china-datos-graficos/498,
2020-03-13,Madrid,"Madrid, Comunidad de",,,,180,81,1990,,,https://www.epdata.es/datos/coronavirus-china-datos-graficos/498,
2020-03-14,Madrid,"Madrid, Comunidad de",,,,,86,2940,,,https://www.epdata.es/datos/coronavirus-china-datos-graficos/498,
2020-03-15,Madrid,"Madrid, Comunidad de",,,,,213,3544,,,https://www.epdata.es/datos/coronavirus-china-datos-graficos/498,
2020-03-16,Madrid,"Madrid, Comunidad de",,,,253,213,4655,,474,https://www.epdata.es/datos/coronavirus-china-datos-graficos/498,
2020-03-17,Madrid,"Madrid, Comunidad de",,,,340,355,4871,,951,https://github.com/datadista/datasets/tree/master/COVID%2019 de Ministerio de Sanidad,
2020-03-18,Madrid,"Madrid, Comunidad de",,,,491,390,5637,84.6,951,https://github.com/datadista/datasets/tree/master/COVID%2019 de Ministerio de Sanidad,
2020-03-19,Madrid,"Madrid, Comunidad de",,5338,,590,498,6777,"100,35",941,Flourish de RTVE: https://public.flourish.studio/visualisation/1451263,
2020-02-27,Melilla,Melilla,,,,,,0,,,https://github.com/datadista/datasets/tree/master/COVID%2019 de Ministerio de Sanidad,
2020-02-28,Melilla,Melilla,,,,,,0,,,https://github.com/datadista/datasets/tree/master/COVID%2019 de Ministerio de Sanidad,
2020-03-02,Melilla,Melilla,,,,,,0,,,https://github.com/datadista/datasets/tree/master/COVID%2019 de Ministerio de Sanidad,
2020-03-03,Melilla,Melilla,,,,,0,0,,,https://github.com/datadista/datasets/tree/master/COVID%2019 de Ministerio de Sanidad,
2020-03-04,Melilla,Melilla,,,,0,0,0,,,https://github.com/datadista/datasets/tree/master/COVID%2019 de Ministerio de Sanidad,
2020-03-05,Melilla,Melilla,,,,0,0,0,,,https://github.com/datadista/datasets/tree/master/COVID%2019 de Ministerio de Sanidad,
2020-03-06,Melilla,Melilla,,,,0,0,0,,,https://github.com/datadista/datasets/tree/master/COVID%2019 de Ministerio de Sanidad,
2020-03-09,Melilla,Melilla,,,,0,0,0,,,https://github.com/datadista/datasets/tree/master/COVID%2019 de Ministerio de Sanidad,
2020-03-10,Melilla,Melilla,,,,0,0,0,,,https://github.com/datadista/datasets/tree/master/COVID%2019 de Ministerio de Sanidad,
2020-03-11,Melilla,Melilla,,,,0,0,0,,,https://github.com/datadista/datasets/tree/master/COVID%2019 de Ministerio de Sanidad,
2020-03-12,Melilla,Melilla,,,,0,0,0,,,https://github.com/datadista/datasets/tree/master/COVID%2019 de Ministerio de Sanidad,
2020-03-13,Melilla,Melilla,,,,0,0,2,,,https://github.com/datadista/datasets/tree/master/COVID%2019 de Ministerio de Sanidad,
2020-03-14,Melilla,Melilla,,,,,0,3,,,https://github.com/datadista/datasets/tree/master/COVID%2019 de Ministerio de Sanidad,
2020-03-15,Melilla,Melilla,,,,,0,8,,,https://github.com/datadista/datasets/tree/master/COVID%2019 de Ministerio de Sanidad,
2020-03-16,Melilla,Melilla,,,,0,0,8,,,https://github.com/datadista/datasets/tree/master/COVID%2019 de Ministerio de Sanidad,
2020-03-17,Melilla,Melilla,,,,0,0,17,,,https://github.com/datadista/datasets/tree/master/COVID%2019 de Ministerio de Sanidad y https://github.com/datadista/datasets/tree/master/COVID%2019 de Ministerio de Sanidad,
2020-03-19,Melilla,Melilla,,23,,0,0,23,"26,59",0,Flourish de RTVE: https://public.flourish.studio/visualisation/1451263,
2020-02-27,Murcia,"Murcia, Región de",,,,,,0,,,https://github.com/datadista/datasets/tree/master/COVID%2019 de Ministerio de Sanidad,
2020-02-28,Murcia,"Murcia, Región de",,,,,,0,,,https://github.com/datadista/datasets/tree/master/COVID%2019 de Ministerio de Sanidad,
2020-03-02,Murcia,"Murcia, Región de",,,,,,0,,,https://github.com/datadista/datasets/tree/master/COVID%2019 de Ministerio de Sanidad,
2020-03-03,Murcia,"Murcia, Región de",,,,,0,0,,,https://github.com/datadista/datasets/tree/master/COVID%2019 de Ministerio de Sanidad,
2020-03-04,Murcia,"Murcia, Región de",,,,0,0,0,,,https://github.com/datadista/datasets/tree/master/COVID%2019 de Ministerio de Sanidad,
2020-03-05,Murcia,"Murcia, Región de",,,,0,0,0,,,https://github.com/datadista/datasets/tree/master/COVID%2019 de Ministerio de Sanidad,
2020-03-06,Murcia,"Murcia, Región de",,,,0,0,0,,,https://github.com/datadista/datasets/tree/master/COVID%2019 de Ministerio de Sanidad,
2020-03-09,Murcia,"Murcia, Región de",,,,0,0,4,,,https://github.com/datadista/datasets/tree/master/COVID%2019 de Ministerio de Sanidad,
2020-03-10,Murcia,"Murcia, Región de",,,,0,0,9,,,https://github.com/datadista/datasets/tree/master/COVID%2019 de Ministerio de Sanidad,
2020-03-11,Murcia,"Murcia, Región de",,,,0,0,11,,,https://github.com/datadista/datasets/tree/master/COVID%2019 de Ministerio de Sanidad,
2020-03-12,Murcia,"Murcia, Región de",,,,1,0,26,,,https://github.com/datadista/datasets/tree/master/COVID%2019 de Ministerio de Sanidad,
2020-03-13,Murcia,"Murcia, Región de",,,,1,0,35,,,https://github.com/datadista/datasets/tree/master/COVID%2019 de Ministerio de Sanidad,
2020-03-14,Murcia,"Murcia, Región de",,,,,0,47,,,https://github.com/datadista/datasets/tree/master/COVID%2019 de Ministerio de Sanidad,
2020-03-15,Murcia,"Murcia, Región de",,,,,0,71,,,https://github.com/datadista/datasets/tree/master/COVID%2019 de Ministerio de Sanidad,
2020-03-16,Murcia,"Murcia, Región de",,,,2,0,77,,1,https://github.com/datadista/datasets/tree/master/COVID%2019 de Ministerio de Sanidad,
2020-03-17,Murcia,"Murcia, Región de",,,,3,0,97,,1,https://github.com/datadista/datasets/tree/master/COVID%2019 de Ministerio de Sanidad,
2020-03-18,Murcia,"Murcia, Región de",,,,4,0,167,,1,https://github.com/datadista/datasets/tree/master/COVID%2019 de Ministerio de Sanidad,
2020-03-19,Murcia,"Murcia, Región de",,214,,6,0,215,"11,18",1,Flourish de RTVE: https://public.flourish.studio/visualisation/1451263 y https://github.com/datadista/datasets/tree/master/COVID%2019 de Ministerio de Sanidad,
2020-02-27,Navarra,"Navarra, Comunidad Foral de",,,,,,0,,,https://github.com/datadista/datasets/tree/master/COVID%2019 de Ministerio de Sanidad,
2020-02-28,Navarra,"Navarra, Comunidad Foral de",,,,,,0,,,https://github.com/datadista/datasets/tree/master/COVID%2019 de Ministerio de Sanidad,
2020-03-02,Navarra,"Navarra, Comunidad Foral de",,,,,,1,,,https://github.com/datadista/datasets/tree/master/COVID%2019 de Ministerio de Sanidad,
2020-03-03,Navarra,"Navarra, Comunidad Foral de",,,,,0,1,,,https://github.com/datadista/datasets/tree/master/COVID%2019 de Ministerio de Sanidad,
2020-03-04,Navarra,"Navarra, Comunidad Foral de",,,,1,0,3,,,https://github.com/datadista/datasets/tree/master/COVID%2019 de Ministerio de Sanidad,
2020-03-05,Navarra,"Navarra, Comunidad Foral de",,,,1,0,3,,,https://github.com/datadista/datasets/tree/master/COVID%2019 de Ministerio de Sanidad,
2020-03-06,Navarra,"Navarra, Comunidad Foral de",,,,1,0,3,,,https://github.com/datadista/datasets/tree/master/COVID%2019 de Ministerio de Sanidad,
2020-03-09,Navarra,"Navarra, Comunidad Foral de",,,,1,0,3,,,https://github.com/datadista/datasets/tree/master/COVID%2019 de Ministerio de Sanidad,
2020-03-10,Navarra,"Navarra, Comunidad Foral de",,,,2,0,12,,,https://github.com/datadista/datasets/tree/master/COVID%2019 de Ministerio de Sanidad,
2020-03-11,Navarra,"Navarra, Comunidad Foral de",,,,3,0,46,,,https://github.com/datadista/datasets/tree/master/COVID%2019 de Ministerio de Sanidad,
2020-03-12,Navarra,"Navarra, Comunidad Foral de",,,,3,0,73,,,https://github.com/datadista/datasets/tree/master/COVID%2019 de Ministerio de Sanidad,
2020-03-13,Navarra,"Navarra, Comunidad Foral de",,,,4,0,130,,,https://github.com/datadista/datasets/tree/master/COVID%2019 de Ministerio de Sanidad,
2020-03-14,Navarra,"Navarra, Comunidad Foral de",,,,,0,146,,,https://github.com/datadista/datasets/tree/master/COVID%2019 de Ministerio de Sanidad,
2020-03-15,Navarra,"Navarra, Comunidad Foral de",,,,,0,183,,,https://github.com/datadista/datasets/tree/master/COVID%2019 de Ministerio de Sanidad,
2020-03-16,Navarra,"Navarra, Comunidad Foral de",,,,5,1,274,,0,https://github.com/datadista/datasets/tree/master/COVID%2019 de Ministerio de Sanidad,
2020-03-17,Navarra,"Navarra, Comunidad Foral de",,,,10,2,313,,0,https://github.com/datadista/datasets/tree/master/COVID%2019 de Ministerio de Sanidad,
2020-03-18,Navarra,"Navarra, Comunidad Foral de",,,,10,3,386,,0,https://github.com/datadista/datasets/tree/master/COVID%2019 de Ministerio de Sanidad,
2020-03-19,Navarra,"Navarra, Comunidad Foral de",,476,,11,4,482,"73,22",2,Flourish de RTVE: https://public.flourish.studio/visualisation/1451263 y https://github.com/datadista/datasets/tree/master/COVID%2019 de Ministerio de Sanidad,
2020-03-13,Araba/Álava,País Vasco,51,,131,,9,310,,,https://twitter.com/osakidetzaEJGV/status/1238419189603414020,
2020-03-14,Araba/Álava,País Vasco,50,,153,,13,360,,,https://twitter.com/osakidetzaEJGV/status/1238787965167579136,
2020-03-15,Araba/Álava,País Vasco,49,,172,,16,409,,,https://twitter.com/osakidetzaEJGV/status/1239171785112903680,"Deceassed is marked as ""16 (+3)"". It could be 3 more deaths since yesterday"
2020-03-16,Araba/Álava,País Vasco,35,,191,,25,444,,,https://twitter.com/osakidetzaEJGV/status/1239534582887788547,
2020-03-17,Araba/Álava,País Vasco,30,,234,,25,474,,,https://twitter.com/osakidetzaEJGV/status/1239901037005352960,
2020-03-18,Araba/Álava,País Vasco,71,,196,,27,545,,,https://twitter.com/osakidetzaEJGV/status/1240248137287118848,
2020-03-19,Araba/Álava,País Vasco,76,583,224,,35,621,"53,13",18,Flourish de RTVE: https://public.flourish.studio/visualisation/1451263 y https://twitter.com/osakidetzaEJGV/status/1240614202538164224,¹El Gobierno Vasco no especifica el lugar de las altas.
2020-03-13,Bizkaia,País Vasco,12,,40,,2,83,,,https://twitter.com/osakidetzaEJGV/status/1238419189603414020,
2020-03-14,Bizkaia,País Vasco,32,,53,,3,115,,,https://twitter.com/osakidetzaEJGV/status/1238787965167579136,
2020-03-15,Bizkaia,País Vasco,43,,70,,3,158,,,https://twitter.com/osakidetzaEJGV/status/1239171785112903680,
2020-03-16,Bizkaia,País Vasco,36,,90,,6,194,,,https://twitter.com/osakidetzaEJGV/status/1239534582887788547,
2020-03-17,Bizkaia,País Vasco,7,,96,,6,201,,,https://twitter.com/osakidetzaEJGV/status/1239901037005352960,
2020-03-18,Bizkaia,País Vasco,96,,118,,8,297,,,Flourish de RTVE: https://public.flourish.studio/visualisation/1451263 y https://twitter.com/osakidetzaEJGV/status/1240614202538164224 ,¹El Gobierno Vasco no especifica el lugar de las altas.
2020-03-19,Bizkaia,País Vasco,96,380,177,,13,393,"53,13",18,,
2020-03-13,Gipuzkoa,País Vasco,8,,8,,3,24,,,https://twitter.com/osakidetzaEJGV/status/1238419189603414020,
2020-03-14,Gipuzkoa,País Vasco,22,,16,,3,46,,,https://twitter.com/osakidetzaEJGV/status/1238787965167579136,
2020-03-15,Gipuzkoa,País Vasco,17,,20,,3,63,,,https://twitter.com/osakidetzaEJGV/status/1239171785112903680,
2020-03-16,Gipuzkoa,País Vasco,26,,28,,5,89,,,https://twitter.com/osakidetzaEJGV/status/1239534582887788547,
2020-03-17,Gipuzkoa,País Vasco,1,,32,,5,90,,,https://twitter.com/osakidetzaEJGV/status/1239901037005352960,
2020-03-18,Gipuzkoa,País Vasco,41,,39,,5,131,,,https://twitter.com/osakidetzaEJGV/status/1240248137287118848,
2020-03-19,Gipuzkoa,País Vasco,45,171,54,,5,176,"53,13",18,https://twitter.com/osakidetzaEJGV/status/1240614202538164224 y Flourish de RTVE: https://public.flourish.studio/visualisation/1451263,¹El Gobierno Vasco no especifica el lugar de las altas.
2020-02-27,La Rioja,"Rioja, La",,,,,,0,,,https://github.com/datadista/datasets/tree/master/COVID%2019 de Ministerio de Sanidad,
2020-02-28,La Rioja,"Rioja, La",,,,,,0,,,https://github.com/datadista/datasets/tree/master/COVID%2019 de Ministerio de Sanidad,
2020-03-02,La Rioja,"Rioja, La",,,,,,1,,,https://github.com/datadista/datasets/tree/master/COVID%2019 de Ministerio de Sanidad,
2020-03-03,La Rioja,"Rioja, La",,,,,0,3,,,https://github.com/datadista/datasets/tree/master/COVID%2019 de Ministerio de Sanidad,
2020-03-04,La Rioja,"Rioja, La",,,,0,0,7,,,https://github.com/datadista/datasets/tree/master/COVID%2019 de Ministerio de Sanidad,
2020-03-05,La Rioja,"Rioja, La",,,,0,0,11,,,https://github.com/datadista/datasets/tree/master/COVID%2019 de Ministerio de Sanidad,
2020-03-06,La Rioja,"Rioja, La",,,,0,0,29,,,https://github.com/datadista/datasets/tree/master/COVID%2019 de Ministerio de Sanidad,
2020-03-09,La Rioja,"Rioja, La",,,,1,0,81,,,https://github.com/datadista/datasets/tree/master/COVID%2019 de Ministerio de Sanidad,
2020-03-10,La Rioja,"Rioja, La",,,,1,1,144,,,https://github.com/datadista/datasets/tree/master/COVID%2019 de Ministerio de Sanidad,
2020-03-11,La Rioja,"Rioja, La",,,,1,2,179,,,https://github.com/datadista/datasets/tree/master/COVID%2019 de Ministerio de Sanidad,
2020-03-12,La Rioja,"Rioja, La",,,,1,2,205,,,https://github.com/datadista/datasets/tree/master/COVID%2019 de Ministerio de Sanidad,
2020-03-13,La Rioja,"Rioja, La",,,,2,2,243,,,https://github.com/datadista/datasets/tree/master/COVID%2019 de Ministerio de Sanidad,
2020-03-14,La Rioja,"Rioja, La",,,,,3,278,,,https://github.com/datadista/datasets/tree/master/COVID%2019 de Ministerio de Sanidad,
2020-03-15,La Rioja,"Rioja, La",,,,,3,300,,,https://github.com/datadista/datasets/tree/master/COVID%2019 de Ministerio de Sanidad,
2020-03-16,La Rioja,"Rioja, La",,,,13,4,312,,2,https://github.com/datadista/datasets/tree/master/COVID%2019 de Ministerio de Sanidad,
2020-03-17,La Rioja,"Rioja, La",,,,13,5,355,,2,https://github.com/datadista/datasets/tree/master/COVID%2019 de Ministerio de Sanidad,
2020-03-18,La Rioja,"Rioja, La",,,,13,5,419,,2,https://github.com/datadista/datasets/tree/master/COVID%2019 de Ministerio de Sanidad,
2020-03-19,La Rioja,"Rioja, La",,461,,15,5,468,"144,26",2,Flourish de RTVE: https://public.flourish.studio/visualisation/1451263 y https://github.com/datadista/datasets/tree/master/COVID%2019 de Ministerio de Sanidad,
2020-03-20,Almería,Andalucía,,49,,,0,49,"15,05",72¹,Flourish de RTVE: https://public.flourish.studio/visualisation/1451263,¹La Junta no especifica el lugar de las altas y algunas de ellas corresponden a seguimiento domiciliario.
2020-03-20,Cádiz,Andalucía,,102,,,1,103,"15,05",72¹,Flourish de RTVE: https://public.flourish.studio/visualisation/1451263,¹La Junta no especifica el lugar de las altas y algunas de ellas corresponden a seguimiento domiciliario.
2020-03-20,Córdoba,Andalucía,,123,,,2,125,"15,05",72¹,Flourish de RTVE: https://public.flourish.studio/visualisation/1451263,¹La Junta no especifica el lugar de las altas y algunas de ellas corresponden a seguimiento domiciliario.
2020-03-20,Granada,Andalucía,,234,,,10,244,"15,05",72¹,Flourish de RTVE: https://public.flourish.studio/visualisation/1451263,¹La Junta no especifica el lugar de las altas y algunas de ellas corresponden a seguimiento domiciliario.
2020-03-20,Huelva,Andalucía,,36,,,0,36,"15,05",72¹,Flourish de RTVE: https://public.flourish.studio/visualisation/1451263,¹La Junta no especifica el lugar de las altas y algunas de ellas corresponden a seguimiento domiciliario.
2020-03-20,Jaén,Andalucía,,117,,,2,119,"15,05",72¹,Flourish de RTVE: https://public.flourish.studio/visualisation/1451263,¹La Junta no especifica el lugar de las altas y algunas de ellas corresponden a seguimiento domiciliario.
2020-03-20,Málaga,Andalucía,,406,,,18,424,"15,05",72¹,Flourish de RTVE: https://public.flourish.studio/visualisation/1451263,¹La Junta no especifica el lugar de las altas y algunas de ellas corresponden a seguimiento domiciliario.
2020-03-20,Sevilla,Andalucía,,188,,,1,190,"15,05",72¹,Flourish de RTVE: https://public.flourish.studio/visualisation/1451263,¹La Junta no especifica el lugar de las altas y algunas de ellas corresponden a seguimiento domiciliario.
2020-03-20,Huesca,Aragón,,34,,,0,34,"26,83",0,Flourish de RTVE: https://public.flourish.studio/visualisation/1451263,Hay 8 casos más en la comunidad que no son residentes en Aragón y el Gobierno autonómico no ha informado del lugar de uno de los fallecimientos.
2020-03-20,Teruel,Aragón,,38,,,2,40,"26,83",0,Flourish de RTVE: https://public.flourish.studio/visualisation/1451263,Hay 8 casos más en la comunidad que no son residentes en Aragón y el Gobierno autonómico no ha informado del lugar de uno de los fallecimientos.
2020-03-20,Zaragoza,Aragón,,264,,,14,278,"26,83",0,Flourish de RTVE: https://public.flourish.studio/visualisation/1451263,Hay 8 casos más en la comunidad que no son residentes en Aragón y el Gobierno autonómico no ha informado del lugar de uno de los fallecimientos.
2020-03-20,Asturias,"Asturias, Principado de",,328,,,4,344,"33,14",12,Flourish de RTVE: https://public.flourish.studio/visualisation/1451263,
2020-03-20,Baleares,"Balears, Illes",,189,,,4,203,"17,14",10,Flourish de RTVE: https://public.flourish.studio/visualisation/1451263,
2020-03-20,El Hierro,Canarias,,1,,,0,1,"12,82",0,Flourish de RTVE: https://public.flourish.studio/visualisation/1451263,
2020-03-20,Fuerteventura,Canarias,,12,,,0,12,"12,82",0,Flourish de RTVE: https://public.flourish.studio/visualisation/1451263,
2020-03-20,Gran Canaria,Canarias,,69,,,1,70,"12,82",0,Flourish de RTVE: https://public.flourish.studio/visualisation/1451263,
2020-03-20,La Gomera,Canarias,,1,,,0,3,"12,82",2,Flourish de RTVE: https://public.flourish.studio/visualisation/1451263,
2020-03-20,Lanzarote,Canarias,,3,,,0,3,"12,82",0,Flourish de RTVE: https://public.flourish.studio/visualisation/1451263,
2020-03-20,La Palma,Canarias,,7,,,0,7,"12,82",0,Flourish de RTVE: https://public.flourish.studio/visualisation/1451263,
2020-03-20,Tenerife,Canarias,,185,,,3,192,"12,82",4,Flourish de RTVE: https://public.flourish.studio/visualisation/1451263,
2020-03-20,Cantabria,Cantabria,,132,,,2,144,"23,06",10,Flourish de RTVE: https://public.flourish.studio/visualisation/1451263,
2020-03-20,Albacete,Castilla - La Mancha,,291,,,28,327,"50,62",8,Flourish de RTVE: https://public.flourish.studio/visualisation/1451263,
2020-03-20,Ciudad Real,Castilla - La Mancha,,364,,,28,400,"50,62",8,Flourish de RTVE: https://public.flourish.studio/visualisation/1451263,
2020-03-20,Cuenca,Castilla - La Mancha,,84,,,5,94,"50,62",5,Flourish de RTVE: https://public.flourish.studio/visualisation/1451263,
2020-03-20,Guadalajara,Castilla - La Mancha,,231,,,4,237,"50,62",2,Flourish de RTVE: https://public.flourish.studio/visualisation/1451263,
2020-03-20,Toledo,Castilla - La Mancha,,336,,,19,370,"50,62",15,Flourish de RTVE: https://public.flourish.studio/visualisation/1451263,
2020-03-20,Ávila,Castilla y León,,55,,,4,63,"47,22",4,Flourish de RTVE: https://public.flourish.studio/visualisation/1451263,
2020-03-20,Burgos,Castilla y León,,175,,,12,208,"47,22",21,Flourish de RTVE: https://public.flourish.studio/visualisation/1451263,
2020-03-20,León,Castilla y León,,156,,,5,164,"47,22",3,Flourish de RTVE: https://public.flourish.studio/visualisation/1451263,
2020-03-20,Palencia,Castilla y León,,25,,,0,26,"47,22",1,Flourish de RTVE: https://public.flourish.studio/visualisation/1451263,
2020-03-20,Salamanca,Castilla y León,,180,,,13,203,"47,22",10,Flourish de RTVE: https://public.flourish.studio/visualisation/1451263,
2020-03-20,Segovia,Castilla y León,,140,,,10,156,"47,22",6,Flourish de RTVE: https://public.flourish.studio/visualisation/1451263,
2020-03-20,Soria,Castilla y León,,71,,,5,80,"47,22",4,Flourish de RTVE: https://public.flourish.studio/visualisation/1451263,
2020-03-20,Valladolid,Castilla y León,,193,,,5,201,"47,22",3,Flourish de RTVE: https://public.flourish.studio/visualisation/1451263,
2020-03-20,Zamora,Castilla y León,,42,,,1,46,"47,22",3,Flourish de RTVE: https://public.flourish.studio/visualisation/1451263,
2020-03-20,Cataluña,Cataluña,,3185,,,82,3270,"42,29",3,Flourish de RTVE: https://public.flourish.studio/visualisation/1451263,
2020-03-20,Ceuta,Ceuta,,5,,,0,5,"5,9",0,Flourish de RTVE: https://public.flourish.studio/visualisation/1451263,
2020-03-20,Alicante/Alacant,Comunitat Valenciana,,348,,,17,372,"21,48",7,Flourish de RTVE: https://public.flourish.studio/visualisation/1451263,Hay 2 casos más que no son residencia en la Comunitat Valenciana.
2020-03-20,Castellón/Castelló,Comunitat Valenciana,,102,,,1,104,"21,48",1,Flourish de RTVE: https://public.flourish.studio/visualisation/1451263,Hay 2 casos más que no son residencia en la Comunitat Valenciana.
2020-03-20,Valencia/València,Comunitat Valenciana,,600,,,15,627,"21,48",12,Flourish de RTVE: https://public.flourish.studio/visualisation/1451263,Hay 2 casos más que no son residencia en la Comunitat Valenciana.
2020-03-20,Badajoz,Extremadura,14,86,12,1,0,91,"27,25",5,Flourish de RTVE: https://public.flourish.studio/visualisation/1451263,http://www.juntaex.es/comunicacion/noticia?idPub=29953#.XnYvbXJ7mM8
2020-03-20,Cáceres,Extremadura,42,194,29,3,10,206,"27,25",2,Flourish de RTVE: https://public.flourish.studio/visualisation/1451263,http://www.juntaex.es/comunicacion/noticia?idPub=29953#.XnYvbXJ7mM8
2020-03-20,"Coruña, A",Galicia,,267,,,3,270,"21,30",5¹,Flourish de RTVE: https://public.flourish.studio/visualisation/1451263,¹La Xunta no especifica el lugar de las altas.
2020-03-20,Lugo,Galicia,,45,,,1,46,"21,30",5¹,Flourish de RTVE: https://public.flourish.studio/visualisation/1451263,¹La Xunta no especifica el lugar de las altas.
2020-03-20,Ourense,Galicia,,63,,,0,63,"21,30",5¹,Flourish de RTVE: https://public.flourish.studio/visualisation/1451263,¹La Xunta no especifica el lugar de las altas.
2020-03-20,Pontevedra,Galicia,,191,,,2,193,"21,30",5¹,Flourish de RTVE: https://public.flourish.studio/visualisation/1451263,¹La Xunta no especifica el lugar de las altas.
2020-03-20,Madrid,"Madrid, Comunidad de",,5351,,,628,7165,"105,47",1186,Flourish de RTVE: https://public.flourish.studio/visualisation/1451263,
2020-03-20,Melilla,Melilla,,24,,,0,24,"27,75",0,Flourish de RTVE: https://public.flourish.studio/visualisation/1451263,
2020-03-20,Murcia,Murcia,,213,,,1,215,"13,66",1,Flourish de RTVE: https://public.flourish.studio/visualisation/1451263,
2020-03-20,Navarra,"Navarra, Comunidad Foral de",,582,,,9,593,"84,22",2,Flourish de RTVE: https://public.flourish.studio/visualisation/1451263,
2020-03-20,Araba/Álava,País Vasco,,655,,,48,703,"64,32",21¹,Flourish de RTVE: https://public.flourish.studio/visualisation/1451263,¹El Gobierno Vasco no especifica el lugar de las altas.
2020-03-20,Bizkaia,País Vasco,,522,,,17,539,"64,32",21¹,Flourish de RTVE: https://public.flourish.studio/visualisation/1451263,¹El Gobierno Vasco no especifica el lugar de las altas.
2020-03-20,Gipuzkoa,País Vasco,,217,,,6,223,"64,32",21¹,Flourish de RTVE: https://public.flourish.studio/visualisation/1451263,¹El Gobierno Vasco no especifica el lugar de las altas.
2020-03-20,La Rioja,"Rioja, La",,477,,,7,497,"147,73",13,Flourish de RTVE: https://public.flourish.studio/visualisation/1451263,
2020-03-21,Almería,Andalucía,,53,,,0,53,"15,05",72¹,Flourish de RTVE: https://public.flourish.studio/visualisation/1451263,¹La Junta no especifica el lugar de las altas y algunas de ellas corresponden a seguimiento domiciliario.
2020-03-21,Cádiz,Andalucía,,126,,,0,126,"15,05",72¹,Flourish de RTVE: https://public.flourish.studio/visualisation/1451263,¹La Junta no especifica el lugar de las altas y algunas de ellas corresponden a seguimiento domiciliario.
2020-03-21,Córdoba,Andalucía,,140,,,3,143,"15,05",72¹,Flourish de RTVE: https://public.flourish.studio/visualisation/1451263,¹La Junta no especifica el lugar de las altas y algunas de ellas corresponden a seguimiento domiciliario.
2020-03-21,Granada,Andalucía,,276,,,13,289,"15,05",72¹,Flourish de RTVE: https://public.flourish.studio/visualisation/1451263,¹La Junta no especifica el lugar de las altas y algunas de ellas corresponden a seguimiento domiciliario.
2020-03-21,Huelva,Andalucía,,37,,,0,37,"15,05",72¹,Flourish de RTVE: https://public.flourish.studio/visualisation/1451263,¹La Junta no especifica el lugar de las altas y algunas de ellas corresponden a seguimiento domiciliario.
2020-03-21,Jaén,Andalucía,,136,,,2,138,"15,05",72¹,Flourish de RTVE: https://public.flourish.studio/visualisation/1451263,¹La Junta no especifica el lugar de las altas y algunas de ellas corresponden a seguimiento domiciliario.
2020-03-21,Málaga,Andalucía,,464,,,20,484,"15,05",72¹,Flourish de RTVE: https://public.flourish.studio/visualisation/1451263,¹La Junta no especifica el lugar de las altas y algunas de ellas corresponden a seguimiento domiciliario.
2020-03-21,Sevilla,Andalucía,,243,,,2,245,"15,05",72¹,Flourish de RTVE: https://public.flourish.studio/visualisation/1451263,¹La Junta no especifica el lugar de las altas y algunas de ellas corresponden a seguimiento domiciliario.
2020-03-21,Huesca,Aragón,,37,,,0,37,"26,83",0,Flourish de RTVE: https://public.flourish.studio/visualisation/1451263,Hay 11 casos más en la comunidad que no son residentes en Aragón y el Gobierno autonómico no ha informado del lugar de uno de los fallecimientos.
2020-03-21,Teruel,Aragón,,45,,,2,47,"26,83",0,Flourish de RTVE: https://public.flourish.studio/visualisation/1451263,Hay 11 casos más en la comunidad que no son residentes en Aragón y el Gobierno autonómico no ha informado del lugar de uno de los fallecimientos.
2020-03-21,Zaragoza,Aragón,,315,,,14,329,"26,83",0,Flourish de RTVE: https://public.flourish.studio/visualisation/1451263,Hay 11 casos más en la comunidad que no son residentes en Aragón y el Gobierno autonómico no ha informado del lugar de uno de los fallecimientos.
2020-03-21,Asturias,"Asturias, Principado de",,467,,,7,486,"33,14",12,Flourish de RTVE: https://public.flourish.studio/visualisation/1451263,
2020-03-21,Baleares,"Balears, Illes",,246,,,4,246,"17,14",10¹,Flourish de RTVE: https://public.flourish.studio/visualisation/1451263,¹El Govern balear no especifica el lugar de los recuperados ni de las muertes.
2020-03-21,El Hierro,Canarias,,1,,,0,1,"12,82",0,Flourish de RTVE: https://public.flourish.studio/visualisation/1451263,
2020-03-21,Fuerteventura,Canarias,,13,,,0,13,"12,82",0,Flourish de RTVE: https://public.flourish.studio/visualisation/1451263,
2020-03-21,Gran Canaria,Canarias,,96,,,1,97,"12,82",0,Flourish de RTVE: https://public.flourish.studio/visualisation/1451263,
2020-03-21,La Gomera,Canarias,,1,,,0,3,"12,82",2,Flourish de RTVE: https://public.flourish.studio/visualisation/1451263,
2020-03-21,Lanzarote,Canarias,,4,,,0,4,"12,82",0,Flourish de RTVE: https://public.flourish.studio/visualisation/1451263,
2020-03-21,La Palma,Canarias,,11,,,0,11,"12,82",0,Flourish de RTVE: https://public.flourish.studio/visualisation/1451263,
2020-03-21,Tenerife,Canarias,,211,,,4,219,"12,82",4,Flourish de RTVE: https://public.flourish.studio/visualisation/1451263,
2020-03-21,Cantabria,Cantabria,,200,,,4,215,"23,06",11,Flourish de RTVE: https://public.flourish.studio/visualisation/1451263,
2020-03-21,Albacete,Castilla - La Mancha,,390,,,32,430,"50,62",8,Flourish de RTVE: https://public.flourish.studio/visualisation/1451263,
2020-03-21,Ciudad Real,Castilla - La Mancha,,457,,,40,505,"50,62",8,Flourish de RTVE: https://public.flourish.studio/visualisation/1451263,
2020-03-21,Cuenca,Castilla - La Mancha,,104,,,8,120,"50,62",8,Flourish de RTVE: https://public.flourish.studio/visualisation/1451263,
2020-03-21,Guadalajara,Castilla - La Mancha,,257,,,4,263,"50,62",2,Flourish de RTVE: https://public.flourish.studio/visualisation/1451263,
2020-03-21,Toledo,Castilla - La Mancha,,451,,,28,501,"50,62",22,Flourish de RTVE: https://public.flourish.studio/visualisation/1451263,
2020-03-21,Ávila,Castilla y León,,55,,,7,114,"47,22",14,Flourish de RTVE: https://public.flourish.studio/visualisation/1451263,
2020-03-21,Burgos,Castilla y León,,175,,,14,269,"47,22",27,Flourish de RTVE: https://public.flourish.studio/visualisation/1451263,
2020-03-21,León,Castilla y León,,156,,,7,201,"47,22",3,Flourish de RTVE: https://public.flourish.studio/visualisation/1451263,
2020-03-21,Palencia,Castilla y León,,25,,,0,41,"47,22",2,Flourish de RTVE: https://public.flourish.studio/visualisation/1451263,
2020-03-21,Salamanca,Castilla y León,,180,,,15,265,"47,22",13,Flourish de RTVE: https://public.flourish.studio/visualisation/1451263,
2020-03-21,Segovia,Castilla y León,,140,,,13,157,"47,22",9,Flourish de RTVE: https://public.flourish.studio/visualisation/1451263,
2020-03-21,Soria,Castilla y León,,71,,,6,119,"47,22",5,Flourish de RTVE: https://public.flourish.studio/visualisation/1451263,
2020-03-21,Valladolid,Castilla y León,,193,,,10,241,"47,22",13,Flourish de RTVE: https://public.flourish.studio/visualisation/1451263,
2020-03-21,Zamora,Castilla y León,,42,,,2,59,"47,22",3,Flourish de RTVE: https://public.flourish.studio/visualisation/1451263,
2020-03-21,Cataluña,Cataluña,,4078,,,122,4203,"42,29",3,Flourish de RTVE: https://public.flourish.studio/visualisation/1451263,
2020-03-21,Ceuta,Ceuta,,5,,,0,5,"5,9",0,Flourish de RTVE: https://public.flourish.studio/visualisation/1451263,
2020-03-21,Alicante/Alacant,Comunitat Valenciana,,348,,,17,372,"21,48",7,Flourish de RTVE: https://public.flourish.studio/visualisation/1451263,Hay 2 casos más que no son residencia en la Comunitat Valenciana.
2020-03-21,Castellón/Castelló,Comunitat Valenciana,,102,,,1,104,"21,48",1,Flourish de RTVE: https://public.flourish.studio/visualisation/1451263,Hay 2 casos más que no son residencia en la Comunitat Valenciana.
2020-03-21,Valencia/València,Comunitat Valenciana,,600,,,15,627,"21,48",12,Flourish de RTVE: https://public.flourish.studio/visualisation/1451263,Hay 2 casos más que no son residencia en la Comunitat Valenciana.
2020-03-21,Badajoz,Extremadura,,104,,,2,111,"27,25",5,Flourish de RTVE: https://public.flourish.studio/visualisation/1451263,
2020-03-21,Cáceres,Extremadura,,231,,,10,243,"27,25",2,Flourish de RTVE: https://public.flourish.studio/visualisation/1451263,
2020-03-21,"Coruña, A",Galicia,,326,,,3,329,"21,30",5¹,Flourish de RTVE: https://public.flourish.studio/visualisation/1451263,¹La Xunta no especifica el lugar de las altas.
2020-03-21,Lugo,Galicia,,53,,,1,54,"21,30",5¹,Flourish de RTVE: https://public.flourish.studio/visualisation/1451263,¹La Xunta no especifica el lugar de las altas.
2020-03-21,Ourense,Galicia,,74,,,0,74,"21,30",5¹,Flourish de RTVE: https://public.flourish.studio/visualisation/1451263,¹La Xunta no especifica el lugar de las altas.
2020-03-21,Pontevedra,Galicia,,262,,,2,264,"21,30",5¹,Flourish de RTVE: https://public.flourish.studio/visualisation/1451263,¹La Xunta no especifica el lugar de las altas.
2020-03-21,Madrid,"Madrid, Comunidad de",,6931,,,804,8921,"105,47",1186,Flourish de RTVE: https://public.flourish.studio/visualisation/1451263,
2020-03-21,Melilla,Melilla,,25,,,0,25,"27,75",0,Flourish de RTVE: https://public.flourish.studio/visualisation/1451263,
2020-03-21,Murcia,Murcia,,213,,,1,215,"13,66",1,Flourish de RTVE: https://public.flourish.studio/visualisation/1451263,
2020-03-21,Navarra,"Navarra, Comunidad Foral de",,652,,,10,664,"84,22",2,Flourish de RTVE: https://public.flourish.studio/visualisation/1451263,
2020-03-21,Araba/Álava,País Vasco,,746,,,55,801,"64,32",21¹,Flourish de RTVE: https://public.flourish.studio/visualisation/1451263,¹El Gobierno Vasco no especifica el lugar de las altas.
2020-03-21,Bizkaia,País Vasco,,632,,,19,651,"64,32",21¹,Flourish de RTVE: https://public.flourish.studio/visualisation/1451263,¹El Gobierno Vasco no especifica el lugar de las altas.
2020-03-21,Gipuzkoa,País Vasco,,262,,,11,273,"64,32",21¹,Flourish de RTVE: https://public.flourish.studio/visualisation/1451263,¹El Gobierno Vasco no especifica el lugar de las altas.
2020-03-21,La Rioja,"Rioja, La",,536,,,15,564,"147,73",13,Flourish de RTVE: https://public.flourish.studio/visualisation/1451263,
2020-03-22,Almería,Andalucía,,53,,,1,58,"20,10",72¹,Flourish de RTVE: https://public.flourish.studio/visualisation/1451263 Actualización: 19h.,¹La Junta no especifica el lugar de las altas y algunas de ellas corresponden a seguimiento domiciliario.
2020-03-22,Cádiz,Andalucía,,126,,,2,134,"20,10",72¹,Flourish de RTVE: https://public.flourish.studio/visualisation/1451263 Actualización: 19h.,¹La Junta no especifica el lugar de las altas y algunas de ellas corresponden a seguimiento domiciliario.
2020-03-22,Córdoba,Andalucía,,140,,,3,180,"20,10",72¹,Flourish de RTVE: https://public.flourish.studio/visualisation/1451263 Actualización: 19h.,¹La Junta no especifica el lugar de las altas y algunas de ellas corresponden a seguimiento domiciliario.
2020-03-22,Granada,Andalucía,,276,,,13,335,"20,10",72¹,Flourish de RTVE: https://public.flourish.studio/visualisation/1451263 Actualización: 19h.,¹La Junta no especifica el lugar de las altas y algunas de ellas corresponden a seguimiento domiciliario.
2020-03-22,Huelva,Andalucía,,37,,,0,47,"20,10",72¹,Flourish de RTVE: https://public.flourish.studio/visualisation/1451263 Actualización: 19h.,¹La Junta no especifica el lugar de las altas y algunas de ellas corresponden a seguimiento domiciliario.
2020-03-22,Jaén,Andalucía,,136,,,3,171,"20,10",72¹,Flourish de RTVE: https://public.flourish.studio/visualisation/1451263 Actualización: 19h.,¹La Junta no especifica el lugar de las altas y algunas de ellas corresponden a seguimiento domiciliario.
2020-03-22,Málaga,Andalucía,,464,,,21,505,"20,10",72¹,Flourish de RTVE: https://public.flourish.studio/visualisation/1451263 Actualización: 19h.,¹La Junta no especifica el lugar de las altas y algunas de ellas corresponden a seguimiento domiciliario.
2020-03-22,Sevilla,Andalucía,,243,,,4,295,"20,10",72¹,Flourish de RTVE: https://public.flourish.studio/visualisation/1451263 Actualización: 19h.,¹La Junta no especifica el lugar de las altas y algunas de ellas corresponden a seguimiento domiciliario.
2020-03-22,Huesca,Aragón,,37,,,0,37,"39,49",0,Flourish de RTVE: https://public.flourish.studio/visualisation/1451263 Actualización: 19h.,Hay 11 casos más en la comunidad que no son residentes en Aragón y el Gobierno autonómico no ha informado del lugar de uno de los fallecimientos.
2020-03-22,Teruel,Aragón,,45,,,2,47,"39,49",0,Flourish de RTVE: https://public.flourish.studio/visualisation/1451263 Actualización: 19h.,Hay 11 casos más en la comunidad que no son residentes en Aragón y el Gobierno autonómico no ha informado del lugar de uno de los fallecimientos.
2020-03-22,Zaragoza,Aragón,,315,,,14,329,"39,49",0,Flourish de RTVE: https://public.flourish.studio/visualisation/1451263 Actualización: 19h.,Hay 11 casos más en la comunidad que no son residentes en Aragón y el Gobierno autonómico no ha informado del lugar de uno de los fallecimientos.
2020-03-22,Asturias,"Asturias, Principado de",,467,,,10,545,"52,60",12,Flourish de RTVE: https://public.flourish.studio/visualisation/1451263 Actualización: 19h.,
2020-03-22,Mallorca,Baleares,,,,,8¹,210,"28,10",10¹,Flourish de RTVE: https://public.flourish.studio/visualisation/1451263 Actualización: 19h.,¹El Govern balear no especifica el lugar de los recuperados ni de las muertes.
2020-03-22,Menorca,Baleares,,,,,8¹,15,"28,10",10¹,Flourish de RTVE: https://public.flourish.studio/visualisation/1451263 Actualización: 19h.,¹El Govern balear no especifica el lugar de los recuperados ni de las muertes.
2020-03-22,Ibiza,Baleares,,,,,8¹,21,"28,10",10¹,Flourish de RTVE: https://public.flourish.studio/visualisation/1451263 Actualización: 19h.,¹El Govern balear no especifica el lugar de los recuperados ni de las muertes.
2020-03-22,Formentera,Baleares,,,,,8¹,0,"28,10",10¹,Flourish de RTVE: https://public.flourish.studio/visualisation/1451263 Actualización: 19h.,¹El Govern balear no especifica el lugar de los recuperados ni de las muertes.
2020-03-22,El Hierro,Canarias,,1,,,11¹,2,"18,44",0,Flourish de RTVE: https://public.flourish.studio/visualisation/1451263 Actualización: 19h.,¹Canarias no especifica el lugar de los fallecimentos.
2020-03-22,Fuerteventura,Canarias,,13,,,11¹,14,"18,44",0,Flourish de RTVE: https://public.flourish.studio/visualisation/1451263 Actualización: 19h.,¹Canarias no especifica el lugar de los fallecimentos.
2020-03-22,Gran Canaria,Canarias,,96,,,11¹,119,"18,44",0,Flourish de RTVE: https://public.flourish.studio/visualisation/1451263 Actualización: 19h.,¹Canarias no especifica el lugar de los fallecimentos.
2020-03-22,La Gomera,Canarias,,1,,,11¹,3,"18,44",2,Flourish de RTVE: https://public.flourish.studio/visualisation/1451263 Actualización: 19h.,¹Canarias no especifica el lugar de los fallecimentos.
2020-03-22,Lanzarote,Canarias,,4,,,11¹,9,"18,44",0,Flourish de RTVE: https://public.flourish.studio/visualisation/1451263 Actualización: 19h.,¹Canarias no especifica el lugar de los fallecimentos.
2020-03-22,La Palma,Canarias,,11,,,11¹,14,"18,44",0,Flourish de RTVE: https://public.flourish.studio/visualisation/1451263 Actualización: 19h.,¹Canarias no especifica el lugar de los fallecimentos.
2020-03-22,Tenerife,Canarias,,211,,,11¹,262,"18,44",4,Flourish de RTVE: https://public.flourish.studio/visualisation/1451263 Actualización: 19h.,¹Canarias no especifica el lugar de los fallecimentos.
2020-03-22,Cantabria,Cantabria,,200,,,5,282,"46,47",11,Flourish de RTVE: https://public.flourish.studio/visualisation/1451263 Actualización: 19h.,
2020-03-22,Albacete,Castilla - La Mancha,,390,,,32,430,"88,74",8,Flourish de RTVE: https://public.flourish.studio/visualisation/1451263 Actualización: 19h.,
2020-03-22,Ciudad Real,Castilla - La Mancha,,457,,,40,505,"88,74",8,Flourish de RTVE: https://public.flourish.studio/visualisation/1451263 Actualización: 19h.,
2020-03-22,Cuenca,Castilla - La Mancha,,104,,,8,120,"88,74",8,Flourish de RTVE: https://public.flourish.studio/visualisation/1451263 Actualización: 19h.,
2020-03-22,Guadalajara,Castilla - La Mancha,,257,,,4,263,"88,74",2,Flourish de RTVE: https://public.flourish.studio/visualisation/1451263 Actualización: 19h.,
2020-03-22,Toledo,Castilla - La Mancha,,451,,,28,501,"88,74",22,Flourish de RTVE: https://public.flourish.studio/visualisation/1451263 Actualización: 19h.,
2020-03-22,Ávila,Castilla y León,,55,,,9,114,"71,76",14,Flourish de RTVE: https://public.flourish.studio/visualisation/1451263 Actualización: 19h.,
2020-03-22,Burgos,Castilla y León,,175,,,16,269,"71,76",27,Flourish de RTVE: https://public.flourish.studio/visualisation/1451263 Actualización: 19h.,
2020-03-22,León,Castilla y León,,156,,,14,201,"71,76",3,Flourish de RTVE: https://public.flourish.studio/visualisation/1451263 Actualización: 19h.,
2020-03-22,Palencia,Castilla y León,,25,,,0,41,"71,76",2,Flourish de RTVE: https://public.flourish.studio/visualisation/1451263 Actualización: 19h.,
2020-03-22,Salamanca,Castilla y León,,180,,,21,265,"71,76",13,Flourish de RTVE: https://public.flourish.studio/visualisation/1451263 Actualización: 19h.,
2020-03-22,Segovia,Castilla y León,,140,,,20,157,"71,76",9,Flourish de RTVE: https://public.flourish.studio/visualisation/1451263 Actualización: 19h.,
2020-03-22,Soria,Castilla y León,,71,,,8,119,"71,76",5,Flourish de RTVE: https://public.flourish.studio/visualisation/1451263 Actualización: 19h.,
2020-03-22,Valladolid,Castilla y León,,193,,,11,241,"71,76",13,Flourish de RTVE: https://public.flourish.studio/visualisation/1451263 Actualización: 19h.,
2020-03-22,Zamora,Castilla y León,,42,,,3,59,"71,76",3,Flourish de RTVE: https://public.flourish.studio/visualisation/1451263 Actualización: 19h.,
2020-03-22,Cataluña,Cataluña,,4078,,,191,4704,"60,65",3,Flourish de RTVE: https://public.flourish.studio/visualisation/1451263 Actualización: 19h.,
2020-03-22,Ceuta,Ceuta,,5,,,0,5,"5,9",0,Flourish de RTVE: https://public.flourish.studio/visualisation/1451263 Actualización: 19h.,
2020-03-22,Alicante/Alacant,Comunitat Valenciana,,325,,,40,372,"31,32",7,Flourish de RTVE: https://public.flourish.studio/visualisation/1451263 Actualización: 19h.,Hay 2 casos más que no son residencia en la Comunitat Valenciana.
2020-03-22,Castellón/Castelló,Comunitat Valenciana,,99,,,4,104,"31,32",1,Flourish de RTVE: https://public.flourish.studio/visualisation/1451263 Actualización: 19h.,Hay 2 casos más que no son residencia en la Comunitat Valenciana.
2020-03-22,Valencia/València,Comunitat Valenciana,,590,,,25,627,"31,32",12,Flourish de RTVE: https://public.flourish.studio/visualisation/1451263 Actualización: 19h.,Hay 2 casos más que no son residencia en la Comunitat Valenciana.
2020-03-22,Badajoz,Extremadura,,104,,,2,111,"35,40",5,Flourish de RTVE: https://public.flourish.studio/visualisation/1451263 Actualización: 19h.,
2020-03-22,Cáceres,Extremadura,,231,,,12,243,"35,40",2,Flourish de RTVE: https://public.flourish.studio/visualisation/1451263 Actualización: 19h.,
2020-03-22,"Coruña, A",Galicia,,326,,,5,384,"33,71",5¹,Flourish de RTVE: https://public.flourish.studio/visualisation/1451263 Actualización: 19h.,¹La Xunta no especifica el lugar de las altas.
2020-03-22,Lugo,Galicia,,53,,,1,58,"33,71",5¹,Flourish de RTVE: https://public.flourish.studio/visualisation/1451263 Actualización: 19h.,¹La Xunta no especifica el lugar de las altas.
2020-03-22,Ourense,Galicia,,74,,,0,95,"33,71",5¹,Flourish de RTVE: https://public.flourish.studio/visualisation/1451263 Actualización: 19h.,¹La Xunta no especifica el lugar de las altas.
2020-03-22,Pontevedra,Galicia,,262,,,2,348,"33,71",5¹,Flourish de RTVE: https://public.flourish.studio/visualisation/1451263 Actualización: 19h.,¹La Xunta no especifica el lugar de las altas.
2020-03-22,Madrid,"Madrid, Comunidad de",,6931,,,1201,9702,"142,98",1186,Flourish de RTVE: https://public.flourish.studio/visualisation/1451263 Actualización: 19h.,
2020-03-22,Melilla,Melilla,,25,,,0,25,"28,91",0,Flourish de RTVE: https://public.flourish.studio/visualisation/1451263 Actualización: 19h.,
2020-03-22,Murcia,Murcia,,213,,,3,345,"19,75",1,Flourish de RTVE: https://public.flourish.studio/visualisation/1451263 Actualización: 19h.,
2020-03-22,Navarra,"Navarra, Comunidad Foral de",,652,,,24,794,"120,91",2,Flourish de RTVE: https://public.flourish.studio/visualisation/1451263 Actualización: 19h.,
2020-03-22,Araba/Álava,País Vasco,,852,,,60,912,"91,81",21¹,Flourish de RTVE: https://public.flourish.studio/visualisation/1451263 Actualización: 19h.,¹El Gobierno Vasco no especifica el lugar de las altas.
2020-03-22,Bizkaia,País Vasco,,836,,,24,860,"91,81",21¹,Flourish de RTVE: https://public.flourish.studio/visualisation/1451263 Actualización: 19h.,¹El Gobierno Vasco no especifica el lugar de las altas.
2020-03-22,Gipuzkoa,País Vasco,,312,,,13,325,"91,81",21¹,Flourish de RTVE: https://public.flourish.studio/visualisation/1451263 Actualización: 19h.,¹El Gobierno Vasco no especifica el lugar de las altas.
2020-03-22,La Rioja,"Rioja, La",,536,,,18,654,"189,08",13,Flourish de RTVE: https://public.flourish.studio/visualisation/1451263 Actualización: 19h.,