"CCAA","FECHA","CASOS","PCR.","TestAc.","Hospitalizados","UCI","Fallecidos","Recuperados"
"AN","20/2/2020",0,0,NA,NA,NA,NA,NA
"AR","20/2/2020",NA,0,NA,NA,NA,NA,NA
"AS","20/2/2020",NA,0,NA,NA,NA,NA,NA
"IB","20/2/2020",NA,1,NA,NA,NA,NA,NA
"CN","20/2/2020",NA,1,NA,NA,NA,NA,NA
"CB","20/2/2020",NA,0,NA,NA,NA,NA,NA
"CM","20/2/2020",NA,0,NA,NA,NA,NA,NA
"CL","20/2/2020",NA,0,NA,NA,NA,NA,NA
"CT","20/2/2020",NA,0,NA,NA,NA,NA,NA
"CE","20/2/2020",NA,0,NA,NA,NA,NA,NA
"VC","20/2/2020",NA,0,NA,26,0,NA,NA
"EX","20/2/2020",NA,0,NA,NA,NA,NA,NA
"GA","20/2/2020",NA,0,NA,NA,NA,NA,NA
"MD","20/2/2020",NA,0,NA,NA,NA,NA,NA
"ML","20/2/2020",NA,0,NA,NA,NA,NA,NA
"MC","20/2/2020",NA,0,NA,NA,NA,NA,NA
"NC","20/2/2020",NA,0,NA,NA,NA,NA,NA
"PV","20/2/2020",NA,0,NA,NA,NA,NA,NA
"RI","20/2/2020",NA,0,NA,NA,NA,NA,NA
"AN","21/2/2020",NA,0,NA,NA,NA,NA,NA
"AR","21/2/2020",NA,0,NA,NA,NA,NA,NA
"AS","21/2/2020",NA,0,NA,NA,NA,NA,NA
"IB","21/2/2020",NA,1,NA,NA,NA,NA,NA
"CN","21/2/2020",NA,1,NA,NA,NA,NA,NA
"CB","21/2/2020",NA,0,NA,NA,NA,NA,NA
"CM","21/2/2020",NA,0,NA,NA,NA,NA,NA
"CL","21/2/2020",NA,0,NA,NA,NA,NA,NA
"CT","21/2/2020",NA,0,NA,NA,NA,NA,NA
"CE","21/2/2020",NA,0,NA,NA,NA,NA,NA
"VC","21/2/2020",NA,0,NA,30,1,NA,NA
"EX","21/2/2020",NA,0,NA,NA,NA,NA,NA
"GA","21/2/2020",NA,0,NA,NA,NA,NA,NA
"MD","21/2/2020",NA,0,NA,NA,NA,NA,NA
"ML","21/2/2020",NA,0,NA,NA,NA,NA,NA
"MC","21/2/2020",NA,0,NA,NA,NA,NA,NA
"NC","21/2/2020",NA,0,NA,NA,NA,NA,NA
"PV","21/2/2020",NA,0,NA,NA,NA,NA,NA
"RI","21/2/2020",NA,0,NA,NA,NA,NA,NA
"AN","22/2/2020",NA,0,NA,NA,NA,NA,NA
"AR","22/2/2020",NA,0,NA,NA,NA,NA,NA
"AS","22/2/2020",NA,0,NA,NA,NA,NA,NA
"IB","22/2/2020",NA,1,NA,NA,NA,NA,NA
"CN","22/2/2020",NA,1,NA,NA,NA,NA,NA
"CB","22/2/2020",NA,0,NA,NA,NA,NA,NA
"CM","22/2/2020",NA,0,NA,NA,NA,NA,NA
"CL","22/2/2020",NA,0,NA,NA,NA,NA,NA
"CT","22/2/2020",NA,0,NA,NA,NA,NA,NA
"CE","22/2/2020",NA,0,NA,NA,NA,NA,NA
"VC","22/2/2020",NA,0,NA,33,1,NA,NA
"EX","22/2/2020",NA,0,NA,NA,NA,NA,NA
"GA","22/2/2020",NA,0,NA,NA,NA,NA,NA
"MD","22/2/2020",NA,0,NA,NA,NA,NA,NA
"ML","22/2/2020",NA,0,NA,NA,NA,NA,NA
"MC","22/2/2020",NA,0,NA,NA,NA,NA,NA
"NC","22/2/2020",NA,0,NA,NA,NA,NA,NA
"PV","22/2/2020",NA,0,NA,NA,NA,NA,NA
"RI","22/2/2020",NA,0,NA,NA,NA,NA,NA
"AN","23/2/2020",NA,0,NA,NA,NA,NA,NA
"AR","23/2/2020",NA,0,NA,NA,NA,NA,NA
"AS","23/2/2020",NA,0,NA,NA,NA,NA,NA
"IB","23/2/2020",NA,1,NA,NA,NA,NA,NA
"CN","23/2/2020",NA,1,NA,NA,NA,NA,NA
"CB","23/2/2020",NA,0,NA,NA,NA,NA,NA
"CM","23/2/2020",NA,0,NA,NA,NA,NA,NA
"CL","23/2/2020",NA,0,NA,NA,NA,NA,NA
"CT","23/2/2020",NA,0,NA,NA,NA,NA,NA
"CE","23/2/2020",NA,0,NA,NA,NA,NA,NA
"VC","23/2/2020",NA,0,NA,38,2,NA,NA
"EX","23/2/2020",NA,0,NA,NA,NA,NA,NA
"GA","23/2/2020",NA,0,NA,NA,NA,NA,NA
"MD","23/2/2020",NA,0,NA,NA,NA,NA,NA
"ML","23/2/2020",NA,0,NA,NA,NA,NA,NA
"MC","23/2/2020",NA,0,NA,NA,NA,NA,NA
"NC","23/2/2020",NA,0,NA,NA,NA,NA,NA
"PV","23/2/2020",NA,0,NA,NA,NA,NA,NA
"RI","23/2/2020",NA,0,NA,NA,NA,NA,NA
"AN","24/2/2020",NA,0,NA,NA,NA,NA,NA
"AR","24/2/2020",NA,0,NA,NA,NA,NA,NA
"AS","24/2/2020",NA,0,NA,NA,NA,NA,NA
"IB","24/2/2020",NA,1,NA,NA,NA,NA,NA
"CN","24/2/2020",NA,2,NA,NA,NA,NA,NA
"CB","24/2/2020",NA,0,NA,NA,NA,NA,NA
"CM","24/2/2020",NA,0,NA,NA,NA,NA,NA
"CL","24/2/2020",NA,0,NA,NA,NA,NA,NA
"CT","24/2/2020",NA,0,NA,NA,NA,NA,NA
"CE","24/2/2020",NA,0,NA,NA,NA,NA,NA
"VC","24/2/2020",NA,0,NA,49,2,NA,NA
"EX","24/2/2020",NA,0,NA,NA,NA,NA,NA
"GA","24/2/2020",NA,0,NA,NA,NA,NA,NA
"MD","24/2/2020",NA,0,NA,NA,NA,NA,NA
"ML","24/2/2020",NA,0,NA,NA,NA,NA,NA
"MC","24/2/2020",NA,0,NA,NA,NA,NA,NA
"NC","24/2/2020",NA,0,NA,NA,NA,NA,NA
"PV","24/2/2020",NA,0,NA,NA,NA,NA,NA
"RI","24/2/2020",NA,0,NA,NA,NA,NA,NA
"AN","25/2/2020",NA,0,NA,NA,NA,NA,NA
"AR","25/2/2020",NA,0,NA,NA,NA,NA,NA
"AS","25/2/2020",NA,0,NA,NA,NA,NA,NA
"IB","25/2/2020",NA,1,NA,NA,NA,NA,NA
"CN","25/2/2020",NA,5,NA,NA,NA,NA,NA
"CB","25/2/2020",NA,0,NA,NA,NA,NA,NA
"CM","25/2/2020",NA,0,NA,NA,NA,NA,NA
"CL","25/2/2020",NA,0,NA,NA,NA,NA,NA
"CT","25/2/2020",NA,1,NA,NA,NA,NA,NA
"CE","25/2/2020",NA,0,NA,NA,NA,NA,NA
"VC","25/2/2020",NA,1,NA,58,2,NA,NA
"EX","25/2/2020",NA,0,NA,NA,NA,NA,NA
"GA","25/2/2020",NA,0,NA,NA,NA,NA,NA
"MD","25/2/2020",NA,1,NA,NA,NA,NA,NA
"ML","25/2/2020",NA,0,NA,NA,NA,NA,NA
"MC","25/2/2020",NA,0,NA,NA,NA,NA,NA
"NC","25/2/2020",NA,0,NA,NA,NA,NA,NA
"PV","25/2/2020",NA,0,NA,NA,NA,NA,NA
"RI","25/2/2020",NA,0,NA,NA,NA,NA,NA
"AN","26/2/2020",NA,1,NA,NA,NA,NA,NA
"AR","26/2/2020",NA,0,NA,NA,NA,NA,NA
"AS","26/2/2020",NA,0,NA,NA,NA,NA,NA
"IB","26/2/2020",NA,1,NA,NA,NA,NA,NA
"CN","26/2/2020",NA,6,NA,NA,NA,NA,NA
"CB","26/2/2020",NA,0,NA,NA,NA,NA,NA
"CM","26/2/2020",NA,0,NA,NA,NA,NA,NA
"CL","26/2/2020",NA,0,NA,NA,NA,NA,NA
"CT","26/2/2020",NA,2,NA,NA,NA,NA,NA
"CE","26/2/2020",NA,0,NA,NA,NA,NA,NA
"VC","26/2/2020",NA,2,NA,63,3,NA,NA
"EX","26/2/2020",NA,0,NA,NA,NA,NA,NA
"GA","26/2/2020",NA,0,NA,NA,NA,NA,NA
"MD","26/2/2020",NA,5,NA,NA,NA,NA,NA
"ML","26/2/2020",NA,0,NA,NA,NA,NA,NA
"MC","26/2/2020",NA,0,NA,NA,NA,NA,NA
"NC","26/2/2020",NA,0,NA,NA,NA,NA,NA
"PV","26/2/2020",NA,0,NA,NA,NA,NA,NA
"RI","26/2/2020",NA,0,NA,NA,NA,NA,NA
"AN","27/2/2020",NA,6,NA,NA,NA,NA,NA
"AR","27/2/2020",NA,0,NA,NA,NA,NA,NA
"AS","27/2/2020",NA,0,NA,NA,NA,NA,NA
"IB","27/2/2020",NA,1,NA,NA,NA,NA,NA
"CN","27/2/2020",NA,6,NA,NA,NA,NA,NA
"CB","27/2/2020",NA,0,NA,NA,NA,NA,NA
"CM","27/2/2020",NA,0,NA,NA,NA,NA,NA
"CL","27/2/2020",NA,2,NA,NA,NA,NA,NA
"CT","27/2/2020",NA,3,NA,NA,NA,NA,NA
"CE","27/2/2020",NA,0,NA,NA,NA,NA,NA
"VC","27/2/2020",NA,8,NA,73,3,NA,NA
"EX","27/2/2020",NA,0,NA,NA,NA,NA,NA
"GA","27/2/2020",NA,0,NA,NA,NA,NA,NA
"MD","27/2/2020",NA,9,NA,NA,NA,NA,NA
"ML","27/2/2020",NA,0,NA,NA,NA,NA,NA
"MC","27/2/2020",NA,0,NA,NA,NA,NA,NA
"NC","27/2/2020",NA,0,NA,NA,NA,NA,NA
"PV","27/2/2020",NA,0,NA,NA,NA,NA,NA
"RI","27/2/2020",NA,0,NA,NA,NA,NA,NA
"AN","28/2/2020",NA,8,NA,NA,NA,NA,NA
"AR","28/2/2020",NA,0,NA,NA,NA,NA,NA
"AS","28/2/2020",NA,0,NA,NA,NA,NA,NA
"IB","28/2/2020",NA,2,NA,NA,NA,NA,NA
"CN","28/2/2020",NA,6,NA,NA,NA,NA,NA
"CB","28/2/2020",NA,0,NA,NA,NA,NA,NA
"CM","28/2/2020",NA,0,NA,NA,NA,NA,NA
"CL","28/2/2020",NA,2,NA,NA,NA,NA,NA
"CT","28/2/2020",NA,5,NA,NA,NA,NA,NA
"CE","28/2/2020",NA,0,NA,NA,NA,NA,NA
"VC","28/2/2020",NA,10,NA,78,3,NA,NA
"EX","28/2/2020",NA,0,NA,NA,NA,NA,NA
"GA","28/2/2020",NA,0,NA,NA,NA,NA,NA
"MD","28/2/2020",NA,19,NA,NA,NA,NA,NA
"ML","28/2/2020",NA,0,NA,NA,NA,NA,NA
"MC","28/2/2020",NA,0,NA,NA,NA,NA,NA
"NC","28/2/2020",NA,0,NA,NA,NA,NA,NA
"PV","28/2/2020",NA,2,NA,NA,NA,NA,NA
"RI","28/2/2020",NA,0,NA,NA,NA,NA,NA
"AN","29/2/2020",NA,12,NA,NA,NA,NA,NA
"AR","29/2/2020",NA,0,NA,NA,NA,NA,NA
"AS","29/2/2020",NA,1,NA,NA,NA,NA,NA
"IB","29/2/2020",NA,2,NA,NA,NA,NA,NA
"CN","29/2/2020",NA,7,NA,NA,NA,NA,NA
"CB","29/2/2020",NA,1,NA,NA,NA,NA,NA
"CM","29/2/2020",NA,1,NA,NA,NA,NA,NA
"CL","29/2/2020",NA,3,NA,NA,NA,NA,NA
"CT","29/2/2020",NA,6,NA,NA,NA,NA,NA
"CE","29/2/2020",NA,0,NA,NA,NA,NA,NA
"VC","29/2/2020",NA,15,NA,85,3,NA,NA
"EX","29/2/2020",NA,4,NA,NA,NA,NA,NA
"GA","29/2/2020",NA,0,NA,NA,NA,NA,NA
"MD","29/2/2020",NA,26,NA,NA,NA,NA,NA
"ML","29/2/2020",NA,0,NA,NA,NA,NA,NA
"MC","29/2/2020",NA,0,NA,NA,NA,NA,NA
"NC","29/2/2020",NA,1,NA,NA,NA,NA,NA
"PV","29/2/2020",NA,3,NA,NA,NA,NA,NA
"RI","29/2/2020",NA,0,NA,NA,NA,NA,NA
"AN","1/3/2020",NA,12,NA,NA,NA,NA,NA
"AR","1/3/2020",NA,0,NA,NA,NA,NA,NA
"AS","1/3/2020",NA,1,NA,NA,NA,NA,NA
"IB","1/3/2020",NA,2,NA,NA,NA,NA,NA
"CN","1/3/2020",NA,7,NA,NA,NA,NA,NA
"CB","1/3/2020",NA,10,NA,NA,NA,NA,NA
"CM","1/3/2020",NA,3,NA,NA,NA,NA,NA
"CL","1/3/2020",NA,3,NA,NA,NA,NA,NA
"CT","1/3/2020",NA,15,NA,NA,NA,NA,NA
"CE","1/3/2020",NA,0,NA,NA,NA,NA,NA
"VC","1/3/2020",NA,15,NA,88,3,NA,NA
"EX","1/3/2020",NA,6,NA,NA,NA,NA,NA
"GA","1/3/2020",NA,0,NA,NA,NA,NA,NA
"MD","1/3/2020",NA,51,NA,NA,NA,NA,NA
"ML","1/3/2020",NA,0,NA,NA,NA,NA,NA
"MC","1/3/2020",NA,0,NA,NA,NA,NA,NA
"NC","1/3/2020",NA,1,NA,NA,NA,NA,NA
"PV","1/3/2020",NA,9,NA,NA,NA,NA,NA
"RI","1/3/2020",NA,1,NA,NA,NA,NA,NA
"AN","2/3/2020",NA,12,NA,NA,NA,NA,NA
"AR","2/3/2020",NA,0,NA,NA,NA,NA,NA
"AS","2/3/2020",NA,1,NA,NA,NA,NA,NA
"IB","2/3/2020",NA,2,NA,NA,NA,NA,NA
"CN","2/3/2020",NA,7,NA,NA,NA,NA,NA
"CB","2/3/2020",NA,10,NA,NA,NA,NA,NA
"CM","2/3/2020",NA,7,NA,NA,NA,NA,NA
"CL","2/3/2020",NA,8,NA,NA,NA,NA,NA
"CT","2/3/2020",NA,15,NA,NA,NA,NA,NA
"CE","2/3/2020",NA,0,NA,NA,NA,NA,NA
"VC","2/3/2020",NA,15,NA,93,3,NA,NA
"EX","2/3/2020",NA,6,NA,NA,NA,NA,NA
"GA","2/3/2020",NA,0,NA,NA,NA,NA,NA
"MD","2/3/2020",NA,93,NA,NA,NA,NA,NA
"ML","2/3/2020",NA,0,NA,NA,NA,NA,NA
"MC","2/3/2020",NA,0,NA,NA,NA,NA,NA
"NC","2/3/2020",NA,1,NA,NA,NA,NA,NA
"PV","2/3/2020",NA,13,NA,NA,NA,NA,NA
"RI","2/3/2020",NA,2,NA,NA,NA,NA,NA
"AN","3/3/2020",NA,12,NA,NA,NA,NA,NA
"AR","3/3/2020",NA,0,NA,NA,NA,NA,NA
"AS","3/3/2020",NA,3,NA,NA,NA,NA,NA
"IB","3/3/2020",NA,5,NA,NA,NA,NA,NA
"CN","3/3/2020",NA,7,NA,NA,NA,NA,NA
"CB","3/3/2020",NA,10,NA,NA,NA,NA,NA
"CM","3/3/2020",NA,12,NA,NA,NA,NA,NA
"CL","3/3/2020",NA,11,NA,NA,NA,NA,NA
"CT","3/3/2020",NA,15,NA,NA,NA,NA,NA
"CE","3/3/2020",NA,0,NA,NA,NA,NA,NA
"VC","3/3/2020",NA,19,NA,105,5,NA,NA
"EX","3/3/2020",NA,6,NA,NA,NA,NA,NA
"GA","3/3/2020",NA,1,NA,NA,NA,NA,NA
"MD","3/3/2020",NA,139,NA,NA,NA,NA,NA
"ML","3/3/2020",NA,0,NA,NA,NA,NA,NA
"MC","3/3/2020",NA,0,NA,NA,NA,NA,NA
"NC","3/3/2020",NA,3,NA,NA,NA,NA,NA
"PV","3/3/2020",NA,17,NA,NA,NA,NA,NA
"RI","3/3/2020",NA,7,NA,NA,NA,NA,NA
"AN","4/3/2020",NA,12,NA,NA,NA,NA,NA
"AR","4/3/2020",NA,1,NA,NA,NA,NA,NA
"AS","4/3/2020",NA,4,NA,NA,NA,NA,NA
"IB","4/3/2020",NA,6,NA,NA,NA,NA,NA
"CN","4/3/2020",NA,8,NA,NA,NA,NA,NA
"CB","4/3/2020",NA,10,NA,NA,NA,NA,NA
"CM","4/3/2020",NA,13,NA,NA,NA,NA,NA
"CL","4/3/2020",NA,11,NA,NA,NA,NA,NA
"CT","4/3/2020",NA,24,NA,NA,NA,NA,NA
"CE","4/3/2020",NA,0,NA,NA,NA,NA,NA
"VC","4/3/2020",NA,19,NA,117,6,NA,NA
"EX","4/3/2020",NA,6,NA,NA,NA,NA,NA
"GA","4/3/2020",NA,1,NA,NA,NA,NA,NA
"MD","4/3/2020",NA,193,NA,NA,NA,NA,NA
"ML","4/3/2020",NA,0,NA,NA,NA,NA,NA
"MC","4/3/2020",NA,0,NA,NA,NA,NA,NA
"NC","4/3/2020",NA,3,NA,NA,NA,NA,NA
"PV","4/3/2020",NA,17,NA,NA,NA,NA,NA
"RI","4/3/2020",NA,17,NA,NA,NA,NA,NA
"AN","5/3/2020",NA,21,NA,NA,NA,NA,NA
"AR","5/3/2020",NA,6,NA,NA,NA,NA,NA
"AS","5/3/2020",NA,5,NA,NA,NA,NA,NA
"IB","5/3/2020",NA,6,NA,NA,NA,NA,NA
"CN","5/3/2020",NA,11,NA,NA,NA,NA,NA
"CB","5/3/2020",NA,10,NA,NA,NA,NA,NA
"CM","5/3/2020",NA,15,NA,NA,NA,NA,NA
"CL","5/3/2020",NA,14,NA,NA,NA,NA,NA
"CT","5/3/2020",NA,24,NA,NA,NA,NA,NA
"CE","5/3/2020",NA,0,NA,NA,NA,NA,NA
"VC","5/3/2020",NA,30,NA,130,8,NA,NA
"EX","5/3/2020",NA,6,NA,NA,NA,NA,NA
"GA","5/3/2020",NA,3,NA,NA,NA,NA,NA
"MD","5/3/2020",NA,305,NA,NA,NA,NA,NA
"ML","5/3/2020",NA,0,NA,NA,NA,NA,NA
"MC","5/3/2020",NA,0,NA,NA,NA,NA,NA
"NC","5/3/2020",NA,3,NA,NA,NA,NA,NA
"PV","5/3/2020",NA,45,NA,NA,NA,NA,NA
"RI","5/3/2020",NA,29,NA,NA,NA,NA,NA
"AN","6/3/2020",NA,27,NA,NA,NA,NA,NA
"AR","6/3/2020",NA,11,NA,NA,NA,NA,NA
"AS","6/3/2020",NA,7,NA,NA,NA,NA,NA
"IB","6/3/2020",NA,6,NA,NA,NA,NA,NA
"CN","6/3/2020",NA,11,NA,NA,NA,NA,NA
"CB","6/3/2020",NA,10,NA,NA,NA,NA,NA
"CM","6/3/2020",NA,15,NA,NA,NA,NA,NA
"CL","6/3/2020",NA,14,NA,NA,NA,NA,NA
"CT","6/3/2020",NA,24,NA,NA,NA,NA,NA
"CE","6/3/2020",NA,0,NA,NA,NA,NA,NA
"VC","6/3/2020",NA,30,NA,138,8,NA,NA
"EX","6/3/2020",NA,6,NA,NA,NA,NA,NA
"GA","6/3/2020",NA,3,NA,NA,NA,NA,NA
"MD","6/3/2020",NA,508,NA,NA,NA,NA,NA
"ML","6/3/2020",NA,0,NA,NA,NA,NA,NA
"MC","6/3/2020",NA,0,NA,NA,NA,NA,NA
"NC","6/3/2020",NA,3,NA,NA,NA,NA,NA
"PV","6/3/2020",NA,45,NA,NA,NA,NA,NA
"RI","6/3/2020",NA,47,NA,NA,NA,NA,NA
"AN","7/3/2020",NA,34,NA,NA,NA,NA,NA
"AR","7/3/2020",NA,11,NA,NA,NA,NA,NA
"AS","7/3/2020",NA,8,NA,NA,NA,NA,NA
"IB","7/3/2020",NA,8,NA,NA,NA,NA,NA
"CN","7/3/2020",NA,17,NA,NA,NA,NA,NA
"CB","7/3/2020",NA,12,NA,NA,NA,NA,NA
"CM","7/3/2020",NA,15,NA,NA,NA,NA,NA
"CL","7/3/2020",NA,22,NA,NA,NA,NA,NA
"CT","7/3/2020",NA,49,NA,NA,NA,NA,NA
"CE","7/3/2020",NA,0,NA,NA,NA,NA,NA
"VC","7/3/2020",NA,37,NA,146,9,NA,NA
"EX","7/3/2020",NA,6,NA,NA,NA,NA,NA
"GA","7/3/2020",NA,5,NA,NA,NA,NA,NA
"MD","7/3/2020",NA,729,NA,NA,NA,NA,NA
"ML","7/3/2020",NA,0,NA,NA,NA,NA,NA
"MC","7/3/2020",NA,1,NA,NA,NA,NA,NA
"NC","7/3/2020",NA,3,NA,NA,NA,NA,NA
"PV","7/3/2020",NA,70,NA,NA,NA,NA,NA
"RI","7/3/2020",NA,70,NA,NA,NA,NA,NA
"AN","8/3/2020",NA,54,NA,NA,1,0,11
"AR","8/3/2020",NA,13,NA,NA,3,3,NA
"AS","8/3/2020",NA,10,NA,NA,2,0,NA
"IB","8/3/2020",NA,11,NA,NA,1,0,2
"CN","8/3/2020",NA,22,NA,NA,0,0,4
"CB","8/3/2020",NA,12,NA,NA,0,0,NA
"CM","8/3/2020",NA,26,NA,NA,2,0,2
"CL","8/3/2020",NA,23,NA,NA,2,0,NA
"CT","8/3/2020",NA,59,NA,16,5,2,2
"CE","8/3/2020",NA,0,NA,NA,0,0,NA
"VC","8/3/2020",NA,37,NA,153,9,1,1
"EX","8/3/2020",NA,7,NA,NA,0,0,1
"GA","8/3/2020",NA,6,NA,NA,2,0,NA
"MD","8/3/2020",NA,992,NA,NA,53,16,NA
"ML","8/3/2020",NA,0,NA,NA,0,0,NA
"MC","8/3/2020",NA,4,NA,NA,0,0,NA
"NC","8/3/2020",NA,3,NA,NA,1,0,NA
"PV","8/3/2020",NA,149,NA,NA,5,6,2
"RI","8/3/2020",NA,102,NA,NA,1,0,NA
"AN","9/3/2020",NA,71,NA,NA,1,0,11
"AR","9/3/2020",NA,38,NA,NA,3,4,0
"AS","9/3/2020",NA,21,NA,NA,2,0,1
"IB","9/3/2020",NA,13,NA,NA,1,0,3
"CN","9/3/2020",NA,25,NA,NA,1,0,5
"CB","9/3/2020",NA,12,NA,NA,0,0,NA
"CM","9/3/2020",NA,39,NA,NA,3,0,2
"CL","9/3/2020",NA,56,NA,NA,2,0,NA
"CT","9/3/2020",NA,82,NA,31,7,2,5
"CE","9/3/2020",NA,0,NA,NA,0,0,NA
"VC","9/3/2020",NA,50,NA,171,10,1,1
"EX","9/3/2020",NA,8,NA,NA,0,0,1
"GA","9/3/2020",NA,22,NA,NA,2,0,NA
"MD","9/3/2020",NA,1495,NA,NA,77,21,109
"ML","9/3/2020",NA,0,NA,NA,0,0,NA
"MC","9/3/2020",NA,9,NA,NA,0,0,NA
"NC","9/3/2020",NA,12,NA,NA,2,0,NA
"PV","9/3/2020",NA,195,NA,NA,5,6,2
"RI","9/3/2020",NA,155,NA,NA,1,1,NA
"AN","10/3/2020",NA,90,NA,32,3,0,11
"AR","10/3/2020",NA,45,NA,22,3,4,0
"AS","10/3/2020",NA,37,NA,12,2,0,1
"IB","10/3/2020",NA,16,NA,8,1,0,1
"CN","10/3/2020",NA,37,NA,10,1,0,5
"CB","10/3/2020",NA,12,NA,0,0,0,0
"CM","10/3/2020",NA,71,NA,0,5,0,2
"CL","10/3/2020",NA,71,NA,14,2,0,0
"CT","10/3/2020",NA,123,NA,50,8,3,6
"CE","10/3/2020",NA,0,NA,0,0,0,0
"VC","10/3/2020",NA,65,NA,200,12,1,1
"EX","10/3/2020",NA,9,NA,2,1,1,1
"GA","10/3/2020",NA,35,NA,7,2,0,0
"MD","10/3/2020",NA,2198,NA,0,102,31,157
"ML","10/3/2020",NA,0,NA,0,0,0,0
"MC","10/3/2020",NA,11,NA,4,0,0,0
"NC","10/3/2020",NA,46,NA,10,3,0,0
"PV","10/3/2020",NA,225,NA,102,15,6,2
"RI","10/3/2020",NA,185,NA,13,1,2,1
"AN","11/3/2020",NA,115,NA,50,4,0,11
"AR","11/3/2020",NA,64,NA,28,3,6,0
"AS","11/3/2020",NA,45,NA,12,2,1,1
"IB","11/3/2020",NA,22,NA,8,2,1,1
"CN","11/3/2020",NA,51,NA,15,3,0,5
"CB","11/3/2020",NA,16,NA,3,0,0,6
"CM","11/3/2020",NA,115,NA,39,9,1,2
"CL","11/3/2020",NA,92,NA,24,2,0,0
"CT","11/3/2020",NA,202,NA,74,16,6,12
"CE","11/3/2020",NA,0,NA,0,0,0,0
"VC","11/3/2020",NA,76,NA,232,15,1,1
"EX","11/3/2020",NA,19,NA,2,1,1,3
"GA","11/3/2020",NA,35,NA,7,2,0,0
"MD","11/3/2020",NA,2922,NA,0,135,56,157
"ML","11/3/2020",NA,0,NA,0,0,0,0
"MC","11/3/2020",NA,26,NA,5,1,0,0
"NC","11/3/2020",NA,73,NA,17,3,0,0
"PV","11/3/2020",NA,346,NA,146,18,11,1
"RI","11/3/2020",NA,220,NA,21,1,2,1
"AN","12/3/2020",NA,219,NA,92,8,0,0
"AR","12/3/2020",NA,80,NA,30,3,7,0
"AS","12/3/2020",NA,62,NA,16,2,1,1
"IB","12/3/2020",NA,28,NA,9,2,1,1
"CN","12/3/2020",NA,70,NA,15,3,0,5
"CB","12/3/2020",NA,29,NA,3,0,0,7
"CM","12/3/2020",NA,194,NA,78,10,5,1
"CL","12/3/2020",NA,169,NA,25,4,0,1
"CT","12/3/2020",NA,349,NA,137,22,9,19
"CE","12/3/2020",NA,0,NA,0,0,0,0
"VC","12/3/2020",NA,94,NA,271,22,1,2
"EX","12/3/2020",NA,39,NA,3,1,1,3
"GA","12/3/2020",NA,85,NA,15,2,0,0
"MD","12/3/2020",NA,3704,NA,1304,180,81,157
"ML","12/3/2020",NA,2,NA,3,0,0,0
"MC","12/3/2020",NA,35,NA,8,2,0,0
"NC","12/3/2020",NA,130,NA,28,4,0,0
"PV","12/3/2020",NA,417,NA,179,20,14,2
"RI","12/3/2020",NA,259,NA,27,2,3,1
"AN","13/3/2020",NA,269,NA,92,8,2,0
"AR","13/3/2020",NA,121,NA,42,5,7,0
"AS","13/3/2020",NA,100,NA,16,2,1,1
"IB","13/3/2020",NA,28,NA,9,2,1,1
"CN","13/3/2020",NA,90,NA,15,6,1,7
"CB","13/3/2020",NA,31,NA,3,0,0,7
"CM","13/3/2020",NA,289,NA,78,10,6,5
"CL","13/3/2020",NA,223,NA,25,8,1,2
"CT","13/3/2020",NA,558,NA,200,29,13,32
"CE","13/3/2020",NA,0,NA,0,0,0,0
"VC","13/3/2020",NA,130,NA,307,29,4,2
"EX","13/3/2020",NA,66,NA,3,1,2,4
"GA","13/3/2020",NA,115,NA,32,7,0,3
"MD","13/3/2020",NA,4644,NA,1518,180,86,474
"ML","13/3/2020",NA,3,NA,3,0,0,0
"MC","13/3/2020",NA,47,NA,8,2,0,0
"NC","13/3/2020",NA,146,NA,28,4,0,0
"PV","13/3/2020",NA,521,NA,179,22,14,5
"RI","13/3/2020",NA,292,NA,38,2,3,1
"AN","14/3/2020",NA,437,NA,92,8,6,0
"AR","14/3/2020",NA,147,NA,59,5,7,0
"AS","14/3/2020",NA,145,NA,16,3,1,1
"IB","14/3/2020",NA,42,NA,9,2,1,1
"CN","14/3/2020",NA,109,NA,15,6,1,7
"CB","14/3/2020",NA,51,NA,3,0,0,10
"CM","14/3/2020",NA,401,NA,78,10,10,5
"CL","14/3/2020",NA,292,NA,45,8,3,3
"CT","14/3/2020",NA,742,NA,287,40,15,39
"CE","14/3/2020",NA,1,NA,0,0,0,0
"VC","14/3/2020",NA,409,NA,339,37,5,2
"EX","14/3/2020",NA,95,NA,8,1,2,4
"GA","14/3/2020",NA,195,NA,32,8,2,4
"MD","14/3/2020",NA,5543,NA,2337,253,213,474
"ML","14/3/2020",NA,8,NA,4,0,0,0
"MC","14/3/2020",NA,71,NA,13,2,0,0
"NC","14/3/2020",NA,183,NA,34,4,0,0
"PV","14/3/2020",NA,630,NA,262,29,23,5
"RI","14/3/2020",NA,300,NA,58,7,3,1
"AN","15/3/2020",NA,554,NA,197,11,7,0
"AR","15/3/2020",NA,174,NA,64,7,11,0
"AS","15/3/2020",NA,190,NA,16,3,1,3
"IB","15/3/2020",NA,73,NA,21,4,1,1
"CN","15/3/2020",NA,119,NA,40,9,1,7
"CB","15/3/2020",NA,58,NA,18,2,0,10
"CM","15/3/2020",NA,567,NA,207,23,17,12
"CL","15/3/2020",NA,334,NA,45,8,6,5
"CT","15/3/2020",NA,1017,NA,375,52,20,45
"CE","15/3/2020",NA,1,NA,0,0,0,0
"VC","15/3/2020",NA,409,NA,390,47,5,2
"EX","15/3/2020",NA,111,NA,9,1,2,4
"GA","15/3/2020",NA,245,NA,49,9,2,4
"MD","15/3/2020",NA,6355,NA,2337,253,213,474
"ML","15/3/2020",NA,8,NA,4,0,0,0
"MC","15/3/2020",NA,77,NA,13,2,0,1
"NC","15/3/2020",NA,274,NA,58,5,1,0
"PV","15/3/2020",NA,630,NA,262,29,23,5
"RI","15/3/2020",NA,312,NA,64,13,4,2
"AN","16/3/2020",NA,683,NA,229,13,11,0
"AR","16/3/2020",NA,207,NA,74,9,12,0
"AS","16/3/2020",NA,236,NA,34,5,1,3
"IB","16/3/2020",NA,92,NA,26,4,1,1
"CN","16/3/2020",NA,148,NA,56,13,2,8
"CB","16/3/2020",NA,58,NA,18,2,0,10
"CM","16/3/2020",NA,567,NA,207,23,17,12
"CL","16/3/2020",NA,431,NA,95,24,12,5
"CT","16/3/2020",NA,1414,NA,525,73,23,58
"CE","16/3/2020",NA,1,NA,0,0,0,0
"VC","16/3/2020",NA,541,NA,456,52,13,12
"EX","16/3/2020",NA,153,NA,18,2,3,5
"GA","16/3/2020",NA,292,NA,49,9,3,7
"MD","16/3/2020",NA,7614,NA,3710,340,355,951
"ML","16/3/2020",NA,17,NA,4,0,0,0
"MC","16/3/2020",NA,97,NA,18,3,0,1
"NC","16/3/2020",NA,313,NA,72,10,2,0
"PV","16/3/2020",NA,765,NA,309,33,36,11
"RI","16/3/2020",NA,355,NA,82,13,5,2
"AN","17/3/2020",NA,859,NA,319,21,19,38
"AR","17/3/2020",NA,226,NA,81,9,13,0
"AS","17/3/2020",NA,280,NA,45,5,1,4
"IB","17/3/2020",NA,112,NA,29,4,1,4
"CN","17/3/2020",NA,181,NA,73,17,3,8
"CB","17/3/2020",NA,68,NA,25,3,1,10
"CM","17/3/2020",NA,675,NA,277,29,28,15
"CL","17/3/2020",NA,668,NA,281,43,22,5
"CT","17/3/2020",NA,1866,NA,679,101,33,79
"CE","17/3/2020",NA,1,NA,0,0,0,0
"VC","17/3/2020",NA,726,NA,530,65,22,16
"EX","17/3/2020",NA,194,NA,27,3,6,6
"GA","17/3/2020",NA,341,NA,63,12,3,7
"MD","17/3/2020",NA,9560,NA,3778,491,390,951
"ML","17/3/2020",NA,20,NA,4,0,0,0
"MC","17/3/2020",NA,122,NA,22,4,0,1
"NC","17/3/2020",NA,386,NA,93,10,3,0
"PV","17/3/2020",NA,973,NA,353,37,40,14
"RI","17/3/2020",NA,419,NA,99,13,5,2
"AN","18/3/2020",NA,1008,NA,384,25,23,33
"AR","18/3/2020",NA,281,NA,101,14,15,0
"AS","18/3/2020",NA,336,NA,61,6,1,4
"IB","18/3/2020",NA,169,NA,31,7,2,6
"CN","18/3/2020",NA,220,NA,82,23,3,9
"CB","18/3/2020",NA,83,NA,40,4,1,10
"CM","18/3/2020",NA,801,NA,313,37,42,27
"CL","18/3/2020",NA,868,NA,362,54,29,27
"CT","18/3/2020",NA,2702,NA,825,118,53,103
"CE","18/3/2020",NA,1,NA,0,0,0,0
"VC","18/3/2020",NA,921,NA,647,85,24,19
"EX","18/3/2020",NA,241,NA,36,3,8,6
"GA","18/3/2020",NA,453,NA,100,15,4,4
"MD","18/3/2020",NA,11309,NA,5168,590,498,941
"ML","18/3/2020",NA,23,NA,4,0,0,0
"MC","18/3/2020",NA,167,NA,36,6,0,1
"NC","18/3/2020",NA,482,NA,132,11,4,0
"PV","18/3/2020",NA,1190,NA,455,44,53,18
"RI","18/3/2020",NA,468,NA,121,15,5,2
"AN","19/3/2020",NA,1287,NA,501,38,30,36
"AR","19/3/2020",NA,360,NA,127,28,17,0
"AS","19/3/2020",NA,469,NA,87,7,2,12
"IB","19/3/2020",NA,203,NA,48,10,2,10
"CN","19/3/2020",NA,287,NA,115,25,4,9
"CB","19/3/2020",NA,144,NA,61,7,1,10
"CM","19/3/2020",NA,1044,NA,313,37,42,27
"CL","19/3/2020",NA,1147,NA,476,69,43,37
"CT","19/3/2020",NA,3270,NA,994,175,93,147
"CE","19/3/2020",NA,5,NA,0,0,0,0
"VC","19/3/2020",NA,1105,NA,777,101,33,20
"EX","19/3/2020",NA,297,NA,44,4,10,7
"GA","19/3/2020",NA,578,NA,138,19,5,5
"MD","19/3/2020",NA,13352,NA,6338,678,628,1186
"ML","19/3/2020",NA,24,NA,5,1,0,0
"MC","19/3/2020",NA,204,NA,47,11,0,1
"NC","19/3/2020",NA,554,NA,172,19,5,1
"PV","19/3/2020",NA,1465,NA,550,53,71,21
"RI","19/3/2020",NA,497,NA,122,15,7,13
"AN","20/3/2020",NA,1515,NA,605,53,40,36
"AR","20/3/2020",NA,424,NA,192,33,22,0
"AS","20/3/2020",NA,545,NA,133,12,5,16
"IB","20/3/2020",NA,246,NA,60,14,4,11
"CN","20/3/2020",NA,348,NA,139,29,7,7
"CB","20/3/2020",NA,215,NA,92,9,2,11
"CM","20/3/2020",NA,1423,NA,635,65,84,38
"CL","20/3/2020",NA,1466,NA,629,85,55,54
"CT","20/3/2020",NA,4203,NA,1681,271,122,192
"CE","20/3/2020",NA,5,NA,0,0,0,0
"VC","20/3/2020",NA,1363,NA,947,129,50,25
"EX","20/3/2020",NA,354,NA,65,6,12,8
"GA","20/3/2020",NA,739,NA,168,29,9,6
"MD","20/3/2020",NA,15675,NA,7388,767,804,1542
"ML","20/3/2020",NA,25,NA,8,1,0,0
"MC","20/3/2020",NA,240,NA,61,14,1,1
"NC","20/3/2020",NA,664,NA,222,25,9,1
"PV","20/3/2020",NA,1725,NA,654,71,85,165
"RI","20/3/2020",NA,564,NA,128,17,15,18
"AN","21/3/2020",NA,1725,NA,724,55,47,38
"AR","21/3/2020",NA,532,NA,241,45,24,3
"AS","21/3/2020",NA,589,NA,171,15,8,20
"IB","21/3/2020",NA,331,NA,79,14,4,17
"CN","21/3/2020",NA,414,NA,150,32,9,7
"CB","21/3/2020",NA,282,NA,116,9,5,11
"CM","21/3/2020",NA,1819,NA,838,76,112,48
"CL","21/3/2020",NA,1744,NA,798,106,74,89
"CT","21/3/2020",NA,5046,NA,1917,290,143,247
"CE","21/3/2020",NA,5,NA,0,0,0,0
"VC","21/3/2020",NA,1604,NA,1136,152,69,30
"EX","21/3/2020",NA,384,NA,87,8,14,8
"GA","21/3/2020",NA,915,NA,227,35,12,16
"MD","21/3/2020",NA,17345,NA,8441,834,1021,1899
"ML","21/3/2020",NA,25,NA,12,1,0,0
"MC","21/3/2020",NA,296,NA,78,16,1,1
"NC","21/3/2020",NA,794,NA,288,30,14,4
"PV","21/3/2020",NA,2097,NA,988,81,97,216
"RI","21/3/2020",NA,654,NA,134,17,18,18
"AN","22/3/2020",NA,1961,NA,865,77,58,50
"AR","22/3/2020",NA,638,NA,298,52,32,30
"AS","22/3/2020",NA,657,NA,194,22,12,21
"IB","22/3/2020",NA,400,NA,87,27,10,18
"CN","22/3/2020",NA,481,NA,172,32,11,7
"CB","22/3/2020",NA,347,NA,157,14,6,11
"CM","22/3/2020",NA,2078,NA,1547,142,145,51
"CL","22/3/2020",NA,2055,NA,977,120,102,117
"CT","22/3/2020",NA,5747,NA,2158,308,199,402
"CE","22/3/2020",NA,6,NA,0,0,0,0
"VC","22/3/2020",NA,1901,NA,1311,181,94,36
"EX","22/3/2020",NA,493,NA,131,13,18,6
"GA","22/3/2020",NA,1208,NA,270,47,18,19
"MD","22/3/2020",NA,18847,NA,9561,942,1263,2063
"ML","22/3/2020",NA,28,NA,12,1,0,0
"MC","22/3/2020",NA,345,NA,80,23,2,1
"NC","22/3/2020",NA,886,NA,339,40,24,7
"PV","22/3/2020",NA,2421,NA,1252,92,120,283
"RI","22/3/2020",NA,747,NA,166,22,22,18
"AN","23/3/2020",NA,2470,NA,1132,102,87,66
"AR","23/3/2020",NA,758,NA,384,66,37,3
"AS","23/3/2020",NA,764,NA,224,23,22,30
"IB","23/3/2020",NA,478,NA,127,35,10,19
"CN","23/3/2020",NA,557,NA,207,36,16,8
"CB","23/3/2020",NA,425,NA,200,16,9,12
"CM","23/3/2020",NA,2465,NA,1826,182,216,53
"CL","23/3/2020",NA,2460,NA,1197,137,124,140
"CT","23/3/2020",NA,7864,NA,3209,471,293,631
"CE","23/3/2020",NA,6,NA,0,0,0,0
"VC","23/3/2020",NA,2167,NA,1562,222,115,37
"EX","23/3/2020",NA,636,NA,161,20,26,8
"GA","23/3/2020",NA,1415,NA,338,55,20,19
"MD","23/3/2020",NA,21513,NA,10443,1050,1535,2291
"ML","23/3/2020",NA,28,NA,12,1,0,0
"MC","23/3/2020",NA,385,NA,99,26,3,1
"NC","23/3/2020",NA,1014,NA,405,45,31,11
"PV","23/3/2020",NA,2728,NA,1425,106,133,344
"RI","23/3/2020",NA,802,NA,206,24,30,24
"AN","24/3/2020",NA,3008,NA,1433,116,113,71
"AR","24/3/2020",NA,907,NA,459,75,40,4
"AS","24/3/2020",NA,849,NA,263,29,25,35
"IB","24/3/2020",NA,562,NA,164,40,13,28
"CN","24/3/2020",NA,657,NA,235,43,21,15
"CB","24/3/2020",NA,510,NA,241,18,14,12
"CM","24/3/2020",NA,2780,NA,2162,210,263,71
"CL","24/3/2020",NA,2940,NA,1457,170,165,213
"CT","24/3/2020",NA,9937,NA,4349,713,385,961
"CE","24/3/2020",NA,9,NA,2,1,0,0
"VC","24/3/2020",NA,2616,NA,1842,255,143,44
"EX","24/3/2020",NA,742,NA,209,28,39,8
"GA","24/3/2020",NA,1653,NA,412,69,27,25
"MD","24/3/2020",NA,24401,NA,11153,1150,1825,3031
"ML","24/3/2020",NA,38,NA,14,2,0,0
"MC","24/3/2020",NA,477,NA,127,33,5,4
"NC","24/3/2020",NA,1197,NA,506,51,33,23
"PV","24/3/2020",NA,3271,NA,1577,119,155,466
"RI","24/3/2020",NA,928,NA,254,33,37,43
"AN","25/3/2020",NA,3404,NA,1626,134,134,77
"AR","25/3/2020",NA,1116,NA,562,93,48,4
"AS","25/3/2020",NA,914,NA,300,34,27,40
"IB","25/3/2020",NA,660,NA,205,43,17,39
"CN","25/3/2020",NA,784,NA,279,45,24,18
"CB","25/3/2020",NA,671,NA,300,26,17,14
"CM","25/3/2020",NA,3383,NA,2162,243,316,95
"CL","25/3/2020",NA,3488,NA,1823,202,206,308
"CT","25/3/2020",NA,11592,NA,5371,764,501,1008
"CE","25/3/2020",NA,10,NA,2,2,0,0
"VC","25/3/2020",NA,3200,NA,2097,289,167,57
"EX","25/3/2020",NA,969,NA,241,34,58,24
"GA","25/3/2020",NA,1915,NA,503,86,32,47
"MD","25/3/2020",NA,27341,NA,12440,1221,2090,3882
"ML","25/3/2020",NA,39,NA,16,2,1,0
"MC","25/3/2020",NA,596,NA,172,36,8,9
"NC","25/3/2020",NA,1411,NA,649,54,49,35
"PV","25/3/2020",NA,3946,NA,1907,137,180,621
"RI","25/3/2020",NA,995,NA,316,36,43,48
"AN","26/3/2020",NA,3790,NA,1843,148,144,92
"AR","26/3/2020",NA,1338,NA,693,114,58,8
"AS","26/3/2020",NA,995,NA,339,47,29,52
"IB","26/3/2020",NA,755,NA,237,46,22,67
"CN","26/3/2020",NA,878,NA,328,61,27,20
"CB","26/3/2020",NA,810,NA,355,29,21,19
"CM","26/3/2020",NA,3934,NA,2707,273,367,153
"CL","26/3/2020",NA,4132,NA,2214,228,252,423
"CT","26/3/2020",NA,12940,NA,6714,972,685,1482
"CE","26/3/2020",NA,17,NA,2,2,0,0
"VC","26/3/2020",NA,3532,NA,2357,325,198,73
"EX","26/3/2020",NA,1231,NA,277,41,69,33
"GA","26/3/2020",NA,2322,NA,557,98,43,67
"MD","26/3/2020",NA,30707,NA,13580,1312,2412,5044
"ML","26/3/2020",NA,42,NA,18,2,1,0
"MC","26/3/2020",NA,714,NA,209,53,15,12
"NC","26/3/2020",NA,1641,NA,732,75,58,70
"PV","26/3/2020",NA,4601,NA,2270,154,207,814
"RI","26/3/2020",NA,1236,NA,388,43,55,62
"AN","27/3/2020",NA,4271,NA,2106,172,175,139
"AR","27/3/2020",NA,1592,NA,835,124,93,8
"AS","27/3/2020",NA,1077,NA,408,50,33,65
"IB","27/3/2020",NA,862,NA,283,59,26,80
"CN","27/3/2020",NA,1025,NA,377,68,36,25
"CB","27/3/2020",NA,937,NA,406,37,22,21
"CM","27/3/2020",NA,4512,NA,2977,289,448,197
"CL","27/3/2020",NA,4791,NA,2648,249,321,585
"CT","27/3/2020",NA,14263,NA,7954,1036,827,1717
"CE","27/3/2020",NA,17,NA,2,2,1,0
"VC","27/3/2020",NA,4034,NA,2606,348,234,92
"EX","27/3/2020",NA,1394,NA,312,40,88,49
"GA","27/3/2020",NA,2772,NA,906,112,47,95
"MD","27/3/2020",NA,33064,NA,14211,1404,2757,6326
"ML","27/3/2020",NA,45,NA,22,2,1,0
"MC","27/3/2020",NA,802,NA,231,58,17,12
"NC","27/3/2020",NA,1829,NA,827,84,70,98
"PV","27/3/2020",NA,5136,NA,2612,176,241,1023
"RI","27/3/2020",NA,1436,NA,458,43,65,364
"AN","28/3/2020",NA,4676,NA,2294,201,207,148
"AR","28/3/2020",NA,1858,NA,835,124,104,8
"AS","28/3/2020",NA,1172,NA,466,57,41,76
"IB","28/3/2020",NA,958,NA,345,71,29,82
"CN","28/3/2020",NA,1125,NA,425,78,39,30
"CB","28/3/2020",NA,1023,NA,449,40,26,24
"CM","28/3/2020",NA,5246,NA,3018,299,539,236
"CL","28/3/2020",NA,5414,NA,3160,278,380,752
"CT","28/3/2020",NA,15025,NA,8447,1080,904,1966
"CE","28/3/2020",NA,21,NA,2,2,1,0
"VC","28/3/2020",NA,4784,NA,2773,375,267,161
"EX","28/3/2020",NA,1456,NA,313,41,100,51
"GA","28/3/2020",NA,3139,NA,1043,123,60,153
"MD","28/3/2020",NA,34083,NA,14454,1429,3082,7491
"ML","28/3/2020",NA,48,NA,24,2,1,0
"MC","28/3/2020",NA,872,NA,260,58,20,16
"NC","28/3/2020",NA,2011,NA,896,90,84,125
"PV","28/3/2020",NA,5740,NA,3106,271,265,1503
"RI","28/3/2020",NA,1629,NA,497,43,68,397
"AN","29/3/2020",NA,5398,NA,2671,216,236,155
"AR","29/3/2020",NA,2078,NA,1094,156,106,174
"AS","29/3/2020",NA,1251,NA,479,60,49,78
"IB","29/3/2020",NA,1000,NA,353,80,37,100
"CN","29/3/2020",NA,1204,NA,444,84,40,32
"CB","29/3/2020",NA,1100,NA,481,46,27,24
"CM","29/3/2020",NA,5858,NA,3134,302,622,252
"CL","29/3/2020",NA,5801,NA,3411,307,442,871
"CT","29/3/2020",NA,16104,NA,9126,1150,983,2168
"CE","29/3/2020",NA,25,NA,2,2,1,0
"VC","29/3/2020",NA,5110,NA,2914,393,310,185
"EX","29/3/2020",NA,1560,NA,353,43,106,60
"GA","29/3/2020",NA,3723,NA,1147,134,66,168
"MD","29/3/2020",NA,34955,NA,14917,1460,3392,8301
"ML","29/3/2020",NA,51,NA,27,3,1,0
"MC","29/3/2020",NA,939,NA,265,58,25,17
"NC","29/3/2020",NA,2146,NA,955,96,102,161
"PV","29/3/2020",NA,6057,NA,3427,293,297,1646
"RI","29/3/2020",NA,1733,NA,517,43,71,431
"AN","30/3/2020",NA,5809,NA,2867,235,248,160
"AR","30/3/2020",NA,2272,NA,1176,165,138,204
"AS","30/3/2020",NA,1330,NA,529,65,55,90
"IB","30/3/2020",NA,1069,NA,399,85,42,111
"CN","30/3/2020",NA,1262,NA,483,94,55,57
"CB","30/3/2020",NA,1171,NA,522,50,37,35
"CM","30/3/2020",NA,6424,NA,3225,344,708,296
"CL","30/3/2020",NA,6211,NA,3629,325,516,1028
"CT","30/3/2020",NA,18520,NA,9925,1218,1216,2633
"CE","30/3/2020",NA,34,NA,3,3,1,0
"VC","30/3/2020",NA,5508,NA,3111,416,339,200
"EX","30/3/2020",NA,1628,NA,371,51,133,91
"GA","30/3/2020",NA,4039,NA,1250,149,84,187
"MD","30/3/2020",NA,37499,NA,15140,1514,3603,9330
"ML","30/3/2020",NA,54,NA,27,3,1,0
"MC","30/3/2020",NA,974,NA,283,59,34,20
"NC","30/3/2020",NA,2305,NA,1035,99,113,192
"PV","30/3/2020",NA,6320,NA,3594,307,325,1796
"RI","30/3/2020",NA,1810,NA,575,51,85,496
"AN","31/3/2020",NA,6379,NA,3147,260,308,182
"AR","31/3/2020",NA,2491,NA,1234,168,169,257
"AS","31/3/2020",NA,1392,NA,590,76,63,109
"IB","31/3/2020",NA,1131,NA,468,95,46,170
"CN","31/3/2020",NA,1380,NA,532,110,62,77
"CB","31/3/2020",NA,1213,NA,543,54,54,43
"CM","31/3/2020",NA,7047,NA,3230,353,774,397
"CL","31/3/2020",NA,6847,NA,3951,345,585,1259
"CT","31/3/2020",NA,19991,NA,11446,1345,1458,3077
"CE","31/3/2020",NA,51,NA,6,3,1,0
"VC","31/3/2020",NA,5922,NA,3253,434,395,240
"EX","31/3/2020",NA,1679,NA,372,58,152,113
"GA","31/3/2020",NA,4432,NA,1338,158,103,259
"MD","31/3/2020",NA,39298,NA,15227,1514,3865,10827
"ML","31/3/2020",NA,62,NA,32,3,1,0
"MC","31/3/2020",NA,1041,NA,304,59,37,43
"NC","31/3/2020",NA,2497,NA,1120,104,130,236
"PV","31/3/2020",NA,6838,NA,3806,324,369,2165
"RI","31/3/2020",NA,1960,NA,619,54,90,569
"AN","1/4/2020",NA,6957,NA,3444,280,343,228
"AR","1/4/2020",NA,2700,NA,1320,178,200,320
"AS","1/4/2020",NA,1473,NA,640,79,69,135
"IB","1/4/2020",NA,1204,NA,517,105,58,239
"CN","1/4/2020",NA,1444,NA,566,113,68,94
"CB","1/4/2020",NA,1268,NA,567,57,60,60
"CM","1/4/2020",NA,7682,NA,3230,355,854,494
"CL","1/4/2020",NA,7355,NA,4207,353,641,1498
"CT","1/4/2020",NA,21804,NA,12398,1415,1629,3683
"CE","1/4/2020",NA,55,NA,7,3,1,0
"VC","1/4/2020",NA,6308,NA,3389,449,443,432
"EX","1/4/2020",NA,1837,NA,412,62,181,139
"GA","1/4/2020",NA,4842,NA,1447,165,120,333
"MD","1/4/2020",NA,41070,NA,15227,1528,4175,12400
"ML","1/4/2020",NA,62,NA,32,3,1,0
"MC","1/4/2020",NA,1084,NA,389,68,42,45
"NC","1/4/2020",NA,2682,NA,1181,108,141,278
"PV","1/4/2020",NA,7317,NA,4087,344,412,2490
"RI","1/4/2020",NA,2083,NA,660,57,101,641
"AN","2/4/2020",NA,7353,NA,3673,338,376,258
"AR","2/4/2020",NA,2889,NA,1431,180,224,378
"AS","2/4/2020",NA,1533,NA,702,86,70,154
"IB","2/4/2020",NA,1257,NA,587,112,69,375
"CN","2/4/2020",NA,1490,NA,605,120,73,102
"CB","2/4/2020",NA,1321,NA,592,59,64,74
"CM","2/4/2020",NA,8523,NA,3168,355,916,579
"CL","2/4/2020",NA,7875,NA,4472,355,723,1759
"CT","2/4/2020",NA,23460,NA,13101,1482,1784,3876
"CE","2/4/2020",NA,62,NA,8,3,1,2
"VC","2/4/2020",NA,6624,NA,3492,460,511,592
"EX","2/4/2020",NA,1893,NA,415,64,200,164
"GA","2/4/2020",NA,5219,NA,1630,178,138,435
"MD","2/4/2020",NA,42885,NA,15050,1506,4483,13850
"ML","2/4/2020",NA,70,NA,34,3,2,4
"MC","2/4/2020",NA,1145,NA,405,72,46,90
"NC","2/4/2020",NA,2836,NA,1284,119,151,294
"PV","2/4/2020",NA,7827,NA,4283,363,444,2809
"RI","2/4/2020",NA,2224,NA,738,64,109,745
"AN","3/4/2020",NA,7847,NA,3896,364,426,463
"AR","3/4/2020",NA,3078,NA,1505,190,251,440
"AS","3/4/2020",NA,1595,12,766,87,76,190
"IB","3/4/2020",NA,1271,NA,634,114,71,422
"CN","3/4/2020",NA,1564,NA,632,128,78,123
"CB","3/4/2020",NA,1384,NA,619,60,68,99
"CM","3/4/2020",NA,9324,NA,3133,360,989,657
"CL","3/4/2020",NA,8332,NA,4685,348,786,2021
"CT","3/4/2020",NA,24734,NA,14251,1569,1928,4589
"CE","3/4/2020",NA,73,NA,8,4,1,2
"VC","3/4/2020",NA,6901,NA,3560,470,571,695
"EX","3/4/2020",NA,1979,NA,453,64,208,205
"GA","3/4/2020",NA,5625,NA,1767,178,159,531
"MD","3/4/2020",NA,44603,NA,14741,1498,4723,15362
"ML","3/4/2020",NA,79,NA,37,3,2,9
"MC","3/4/2020",NA,1188,NA,434,79,51,113
"NC","3/4/2020",NA,2972,NA,1341,120,171,311
"PV","3/4/2020",NA,8187,NA,4522,377,477,3098
"RI","3/4/2020",NA,2405,NA,805,64,128,843
"AN","4/4/2020",NA,8279,NA,4107,474,470,665
"AR","4/4/2020",NA,3232,NA,1588,233,270,537
"AS","4/4/2020",NA,1637,13,808,90,80,216
"IB","4/4/2020",NA,1293,NA,664,120,75,461
"CN","4/4/2020",NA,1622,NA,644,129,80,137
"CB","4/4/2020",NA,1441,NA,639,62,68,113
"CM","4/4/2020",NA,10031,NA,2950,357,1055,1149
"CL","4/4/2020",NA,8749,NA,4905,351,847,2331
"CT","4/4/2020",NA,26032,NA,14798,1653,2053,5149
"CE","4/4/2020",NA,83,NA,9,4,2,2
"VC","4/4/2020",NA,7184,NA,3620,478,613,812
"EX","4/4/2020",NA,2047,NA,417,66,218,215
"GA","4/4/2020",NA,5944,NA,1831,170,174,587
"MD","4/4/2020",NA,45486,NA,14551,1499,4941,16543
"ML","4/4/2020",NA,83,NA,38,3,2,11
"MC","4/4/2020",NA,1235,NA,447,80,59,130
"NC","4/4/2020",NA,3073,NA,1399,123,178,334
"PV","4/4/2020",NA,8628,NA,4666,404,515,3405
"RI","4/4/2020",NA,2592,NA,855,66,134,904
"AN","5/4/2020",NA,8559,NA,4227,489,491,798
"AR","5/4/2020",NA,3347,NA,1637,237,284,565
"AS","5/4/2020",NA,1690,14,846,90,86,222
"IB","5/4/2020",NA,1320,NA,683,121,81,531
"CN","5/4/2020",NA,1649,NA,651,133,85,157
"CB","5/4/2020",NA,1483,NA,658,65,77,118
"CM","5/4/2020",NA,10602,NA,2901,354,1132,1259
"CL","5/4/2020",NA,9116,NA,5041,348,919,2533
"CT","5/4/2020",NA,26824,NA,15258,1685,2167,5374
"CE","5/4/2020",NA,83,NA,9,4,3,2
"VC","5/4/2020",NA,7334,NA,3668,487,637,930
"EX","5/4/2020",NA,2068,NA,453,66,228,223
"GA","5/4/2020",NA,6151,NA,1916,170,190,610
"MD","5/4/2020",NA,46006,NA,14501,1510,5136,17322
"ML","5/4/2020",NA,86,NA,38,3,2,11
"MC","5/4/2020",NA,1259,NA,468,81,68,156
"NC","5/4/2020",NA,3231,NA,1432,124,187,380
"PV","5/4/2020",NA,8810,NA,4794,410,548,3568
"RI","5/4/2020",NA,2719,NA,888,66,141,964
"AN","6/4/2020",NA,8743,NA,4335,499,528,900
"AR","6/4/2020",NA,3449,NA,1663,247,312,578
"AS","6/4/2020",NA,1714,16,889,91,96,244
"IB","6/4/2020",NA,1369,NA,705,124,84,537
"CN","6/4/2020",NA,1725,NA,689,137,89,186
"CB","6/4/2020",NA,1501,NA,677,66,85,129
"CM","6/4/2020",NA,11077,NA,2908,360,1177,1353
"CL","6/4/2020",NA,9581,NA,5180,346,982,2711
"CT","6/4/2020",NA,28323,NA,15643,1740,2329,6150
"CE","6/4/2020",NA,83,NA,9,4,4,2
"VC","6/4/2020",NA,7443,NA,3698,492,672,1103
"EX","6/4/2020",NA,2116,NA,686,70,258,282
"GA","6/4/2020",NA,6331,NA,1968,162,204,688
"MD","6/4/2020",NA,47557,NA,13950,1494,5371,18410
"ML","6/4/2020",NA,92,NA,40,3,2,11
"MC","6/4/2020",NA,1259,4,500,84,78,193
"NC","6/4/2020",NA,3355,NA,1488,124,202,421
"PV","6/4/2020",NA,8974,47,4856,417,586,3728
"RI","6/4/2020",NA,2846,NA,918,66,160,994
"AN","7/4/2020",NA,8973,NA,4463,520,605,1041
"AR","7/4/2020",NA,3549,NA,1716,255,349,659
"AS","7/4/2020",NA,1755,22,958,91,102,294
"IB","7/4/2020",NA,1412,NA,731,129,89,616
"CN","7/4/2020",NA,1762,NA,703,138,91,249
"CB","7/4/2020",NA,1572,NA,700,69,92,175
"CM","7/4/2020",NA,11788,NA,2731,354,1255,1557
"CL","7/4/2020",NA,10058,NA,5322,342,1028,2988
"CT","7/4/2020",NA,29647,NA,16235,1829,2462,7320
"CE","7/4/2020",NA,84,NA,9,4,4,7
"VC","7/4/2020",NA,7655,NA,3713,496,724,1344
"EX","7/4/2020",NA,2184,NA,898,98,271,328
"GA","7/4/2020",NA,6538,NA,2014,158,213,800
"MD","7/4/2020",NA,48934,NA,13289,1450,5586,19836
"ML","7/4/2020",NA,93,NA,40,3,2,12
"MC","7/4/2020",NA,1297,8,515,86,85,203
"NC","7/4/2020",NA,3467,NA,1526,124,206,450
"PV","7/4/2020",NA,9392,60,4982,430,635,4151
"RI","7/4/2020",NA,2951,NA,955,68,177,1061
"AN","8/4/2020",NA,9234,NA,4599,538,652,1193
"AR","8/4/2020",NA,3685,NA,1765,261,385,718
"AS","8/4/2020",NA,1804,57,1018,94,110,340
"IB","8/4/2020",NA,1448,NA,751,132,89,696
"CN","8/4/2020",NA,1834,NA,730,140,92,359
"CB","8/4/2020",NA,1619,NA,720,71,98,214
"CM","8/4/2020",NA,12489,NA,2575,342,1322,1766
"CL","8/4/2020",NA,10518,NA,5523,338,1082,3242
"CT","8/4/2020",NA,31043,NA,16970,1946,2667,8014
"CE","8/4/2020",NA,84,NA,9,4,4,7
"VC","8/4/2020",NA,7964,NA,3815,541,767,1772
"EX","8/4/2020",NA,2273,NA,958,99,283,381
"GA","8/4/2020",NA,6758,NA,2094,155,231,910
"MD","8/4/2020",NA,50345,NA,12853,1433,5800,21121
"ML","8/4/2020",NA,93,NA,40,3,2,16
"MC","8/4/2020",NA,1322,18,533,87,88,219
"NC","8/4/2020",NA,3575,NA,1526,124,214,462
"PV","8/4/2020",NA,9740,66,5130,433,689,4514
"RI","8/4/2020",NA,3026,NA,997,69,182,1172
"AN","9/4/2020",NA,9482,NA,4715,582,691,1437
"AR","9/4/2020",NA,3831,NA,1822,263,409,797
"AS","9/4/2020",NA,1844,67,1083,100,121,372
"IB","9/4/2020",NA,1488,NA,777,136,97,737
"CN","9/4/2020",NA,1858,NA,738,141,94,386
"CB","9/4/2020",NA,1659,NA,747,73,102,265
"CM","9/4/2020",NA,13063,NA,2359,329,1431,1982
"CL","9/4/2020",NA,11102,NA,5674,332,1129,3506
"CT","9/4/2020",NA,31824,NA,17780,1966,2787,8705
"CE","9/4/2020",NA,91,NA,9,4,4,12
"VC","9/4/2020",NA,8331,NA,3987,561,796,2085
"EX","9/4/2020",NA,2332,NA,1003,101,288,397
"GA","9/4/2020",NA,6946,NA,2165,151,243,997
"MD","9/4/2020",NA,51283,NA,12432,1399,5972,22414
"ML","9/4/2020",NA,95,NA,41,3,2,17
"MC","9/4/2020",NA,1338,29,533,88,90,255
"NC","9/4/2020",NA,3748,NA,1620,124,218,560
"PV","9/4/2020",NA,9992,111,5290,442,729,4680
"RI","9/4/2020",NA,3076,NA,1047,71,196,1256
"AN","10/4/2020",NA,9682,NA,4808,602,737,1630
"AR","10/4/2020",NA,3969,NA,1860,266,425,888
"AS","10/4/2020",NA,1896,78,1147,105,128,414
"IB","10/4/2020",NA,1507,NA,778,137,102,757
"CN","10/4/2020",NA,1887,NA,745,144,95,432
"CB","10/4/2020",NA,1719,NA,773,75,107,281
"CM","10/4/2020",NA,13456,NA,2198,316,1483,2205
"CL","10/4/2020",NA,11543,NA,5817,327,1180,3757
"CT","10/4/2020",NA,32984,NA,18194,1989,2877,9267
"CE","10/4/2020",NA,93,NA,9,4,4,17
"VC","10/4/2020",NA,8578,NA,4132,565,818,2289
"EX","10/4/2020",NA,2486,NA,1052,104,303,462
"GA","10/4/2020",NA,7176,NA,2215,144,261,1082
"MD","10/4/2020",NA,52133,NA,11894,1376,6084,23663
"ML","10/4/2020",NA,98,NA,43,3,2,18
"MC","10/4/2020",NA,1371,33,533,88,94,275
"NC","10/4/2020",NA,3817,NA,1641,124,227,603
"PV","10/4/2020",NA,10313,202,5402,453,765,4741
"RI","10/4/2020",NA,3223,273,1082,73,207,1337
"AN","11/4/2020",NA,9976,NA,4950,619,799,1838
"AR","11/4/2020",NA,4070,NA,1901,272,450,934
"AS","11/4/2020",NA,1977,81,1208,106,140,430
"IB","11/4/2020",NA,1534,NA,805,142,112,848
"CN","11/4/2020",NA,1918,NA,758,144,95,447
"CB","11/4/2020",NA,1752,NA,805,75,110,297
"CM","11/4/2020",NA,13698,NA,6838,316,1543,2365
"CL","11/4/2020",NA,12118,NA,5957,323,1221,4010
"CT","11/4/2020",NA,34027,NA,18772,2018,2975,9610
"CE","11/4/2020",NA,93,NA,9,4,4,17
"VC","11/4/2020",NA,8841,NA,4149,567,838,2624
"EX","11/4/2020",NA,2580,NA,1074,106,312,481
"GA","11/4/2020",NA,7336,NA,2306,140,274,1143
"MD","11/4/2020",NA,52666,NA,11424,1332,6278,24683
"ML","11/4/2020",NA,98,NA,43,3,2,18
"MC","11/4/2020",NA,1380,56,537,91,97,344
"NC","11/4/2020",NA,3969,NA,1663,124,232,650
"PV","11/4/2020",NA,10514,258,5547,459,804,4867
"RI","11/4/2020",NA,3279,317,1122,73,219,1420
"AN","12/4/2020",NA,10063,NA,4993,621,815,1967
"AR","12/4/2020",NA,4187,NA,1938,274,464,946
"AS","12/4/2020",NA,2005,83,1265,110,149,434
"IB","12/4/2020",NA,1550,NA,811,143,117,862
"CN","12/4/2020",NA,1944,NA,763,145,96,458
"CB","12/4/2020",NA,1777,NA,827,75,117,317
"CM","12/4/2020",NA,14054,NA,7782,475,1626,2532
"CL","12/4/2020",NA,12628,NA,6077,312,1263,4154
"CT","12/4/2020",NA,34726,NA,18963,2084,3105,10040
"CE","12/4/2020",NA,95,NA,9,4,4,20
"VC","12/4/2020",NA,9060,NA,4269,576,876,2803
"EX","12/4/2020",NA,2658,NA,1096,107,321,511
"GA","12/4/2020",NA,7494,NA,2344,136,284,1186
"MD","12/4/2020",NA,53003,NA,11233,1327,6423,25385
"ML","12/4/2020",NA,101,NA,43,3,2,18
"MC","12/4/2020",NA,1387,65,543,94,101,353
"NC","12/4/2020",NA,4092,NA,1693,124,239,695
"PV","12/4/2020",NA,10674,344,5622,464,831,5026
"RI","12/4/2020",NA,3358,317,1141,73,223,1458
"AN","13/4/2020",NA,10171,114,5054,631,836,2032
"AR","13/4/2020",NA,4245,NA,1966,280,492,963
"AS","13/4/2020",NA,2050,89,1330,111,156,458
"IB","13/4/2020",NA,1571,NA,826,145,118,871
"CN","13/4/2020",NA,1958,NA,771,147,102,589
"CB","13/4/2020",NA,1796,NA,853,76,120,323
"CM","13/4/2020",NA,14329,NA,7830,486,1714,2943
"CL","13/4/2020",NA,13180,NA,6175,308,1299,4266
"CT","13/4/2020",NA,35197,NA,19224,2102,3201,10387
"CE","13/4/2020",NA,96,NA,9,4,4,22
"VC","13/4/2020",NA,9213,NA,4397,581,907,3069
"EX","13/4/2020",NA,2684,NA,1114,107,334,578
"GA","13/4/2020",NA,7597,NA,2403,133,290,1240
"MD","13/4/2020",NA,53973,NA,10753,1299,6568,26247
"ML","13/4/2020",NA,101,NA,43,3,2,18
"MC","13/4/2020",NA,1393,86,566,96,106,476
"NC","13/4/2020",NA,4150,NA,1705,124,249,730
"PV","13/4/2020",NA,10845,381,5679,470,859,5193
"RI","13/4/2020",NA,3420,329,1152,74,234,1519
"AN","14/4/2020",NA,10394,169,5147,665,865,2224
"AR","14/4/2020",NA,4338,NA,2006,282,514,1012
"AS","14/4/2020",NA,2103,105,1387,114,166,487
"IB","14/4/2020",NA,1606,NA,857,149,125,881
"CN","14/4/2020",NA,1975,NA,781,152,104,622
"CB","14/4/2020",NA,1823,NA,873,76,132,363
"CM","14/4/2020",NA,14680,NA,7896,495,1755,2998
"CL","14/4/2020",NA,13697,NA,6306,306,1337,4521
"CT","14/4/2020",NA,36505,NA,20264,2189,3453,11480
"CE","14/4/2020",NA,98,NA,9,4,4,30
"VC","14/4/2020",NA,9424,NA,4465,588,945,3360
"EX","14/4/2020",NA,2762,NA,1155,107,342,615
"GA","14/4/2020",NA,7708,NA,2471,128,299,1298
"MD","14/4/2020",NA,55045,NA,10116,1244,6724,27433
"ML","14/4/2020",NA,102,NA,43,3,2,24
"MC","14/4/2020",NA,1400,128,574,97,109,513
"NC","14/4/2020",NA,4246,NA,1731,124,252,808
"PV","14/4/2020",NA,11014,461,5750,471,902,5428
"RI","14/4/2020",NA,3457,374,1182,75,246,1585
"AN","15/4/2020",NA,10559,216,5226,671,912,2634
"AR","15/4/2020",NA,4411,155,2108,291,543,1087
"AS","15/4/2020",NA,2151,137,1432,116,168,522
"IB","15/4/2020",NA,1637,NA,872,152,131,918
"CN","15/4/2020",NA,1988,0,802,156,107,673
"CB","15/4/2020",NA,1845,NA,890,77,137,442
"CM","15/4/2020",NA,15151,NA,7987,503,1796,3378
"CL","15/4/2020",NA,14380,NA,6449,307,1372,4725
"CT","15/4/2020",NA,37354,NA,20553,2252,3618,11961
"CE","15/4/2020",NA,98,2,9,4,4,41
"VC","15/4/2020",NA,9615,NA,4524,625,972,3702
"EX","15/4/2020",NA,2581,300,1186,107,359,649
"GA","15/4/2020",NA,7873,NA,2494,123,310,1383
"MD","15/4/2020",NA,55938,NA,9653,1206,6877,28491
"ML","15/4/2020",NA,103,0,43,3,2,27
"MC","15/4/2020",NA,1416,174,575,97,111,516
"NC","15/4/2020",NA,4348,NA,1752,124,261,845
"PV","15/4/2020",NA,11203,587,5863,478,956,5813
"RI","15/4/2020",NA,3539,377,1207,75,257,1654
"AN","16/4/2020",NA,10638,383,5298,675,940,2790
"AR","16/4/2020",NA,4489,175,2151,240,562,1121
"AS","16/4/2020",NA,2171,156,1474,118,174,545
"IB","16/4/2020",NA,1668,NA,905,152,134,938
"CN","16/4/2020",NA,2009,0,811,159,111,730
"CB","16/4/2020",NA,1884,NA,903,78,144,510
"CM","16/4/2020",NA,15997,NA,8018,511,1852,3600
"CL","16/4/2020",NA,14903,NA,6518,297,1401,4924
"CT","16/4/2020",NA,38316,NA,21242,2305,3752,12787
"CE","16/4/2020",NA,98,3,9,4,4,44
"VC","16/4/2020",NA,9486,297,4605,632,999,4024
"EX","16/4/2020",NA,2656,363,1212,107,372,707
"GA","16/4/2020",NA,8013,NA,2535,117,320,1456
"MD","16/4/2020",NA,56772,NA,9141,1154,7007,29436
"ML","16/4/2020",NA,104,NA,44,3,2,30
"MC","16/4/2020",NA,1424,202,585,99,112,545
"NC","16/4/2020",NA,4433,NA,1781,124,338,892
"PV","16/4/2020",NA,11403,686,5939,484,992,6144
"RI","16/4/2020",NA,3547,551,1226,76,262,1729
"AN","17/4/2020",NA,10738,434,5341,677,967,2948
"AR","17/4/2020",NA,4551,210,2180,243,601,1121
"AS","17/4/2020",NA,2193,180,1520,119,187,575
"IB","17/4/2020",NA,1724,24,937,157,148,958
"CN","17/4/2020",NA,2035,0,822,160,115,785
"CB","17/4/2020",NA,1990,NA,911,78,149,534
"CM","17/4/2020",NA,16349,NA,8093,514,1913,3838
"CL","17/4/2020",NA,15293,NA,6831,495,1429,5103
"CT","17/4/2020",NA,39943,152,22013,2349,3879,13275
"CE","17/4/2020",NA,100,11,9,4,4,53
"VC","17/4/2020",NA,9584,533,4708,636,1042,4306
"EX","17/4/2020",NA,2663,468,1240,107,380,736
"GA","17/4/2020",NA,8084,NA,2554,115,334,1507
"MD","17/4/2020",NA,57577,0,8597,1094,7132,30475
"ML","17/4/2020",NA,104,0,44,3,2,30
"MC","17/4/2020",NA,1430,217,611,102,115,638
"NC","17/4/2020",NA,4349,230,1829,127,354,954
"PV","17/4/2020",NA,11553,802,6030,490,1020,6556
"RI","17/4/2020",NA,3583,667,1249,78,272,1777
"AN","18/4/2020",NA,10902,491,5424,687,993,3116
"AR","18/4/2020",NA,4608,223,2216,246,619,1175
"AS","18/4/2020",NA,2205,188,1571,120,196,596
"IB","18/4/2020",NA,1740,33,955,160,155,993
"CN","18/4/2020",NA,2047,0,825,162,119,789
"CB","18/4/2020",NA,1949,101,924,78,153,610
"CM","18/4/2020",NA,14588,2037,8137,518,1963,3963
"CL","18/4/2020",NA,14644,977,6981,498,1458,5262
"CT","18/4/2020",NA,40448,152,22235,2395,3933,13691
"CE","18/4/2020",NA,100,12,9,4,4,59
"VC","18/4/2020",NA,9657,593,4781,643,1065,4547
"EX","18/4/2020",NA,2673,519,1278,107,384,767
"GA","18/4/2020",NA,8185,NA,2590,112,346,1536
"MD","18/4/2020",NA,58061,2475,8291,1123,7239,31313
"ML","18/4/2020",NA,104,3,44,3,2,44
"MC","18/4/2020",NA,1438,215,612,102,116,652
"NC","18/4/2020",NA,4413,243,1843,127,369,992
"PV","18/4/2020",NA,11731,838,6086,499,1062,6972
"RI","18/4/2020",NA,3636,694,1268,79,277,1816
"AN","19/4/2020",NA,10996,527,5473,690,1013,3229
"AR","19/4/2020",NA,4654,232,2244,248,637,1178
"AS","19/4/2020",NA,2214,194,1599,122,200,599
"IB","19/4/2020",NA,1749,39,963,161,157,1005
"CN","19/4/2020",NA,2067,0,826,163,119,813
"CB","19/4/2020",NA,1973,110,934,78,158,626
"CM","19/4/2020",NA,14725,2071,8173,531,2021,4178
"CL","19/4/2020",NA,14781,1076,7080,501,1493,5366
"CT","19/4/2020",NA,41676,1027,22375,2409,4009,13934
"CE","19/4/2020",NA,100,14,9,4,4,74
"VC","19/4/2020",NA,9708,631,4827,646,1079,4629
"EX","19/4/2020",NA,2692,551,1306,107,389,858
"GA","19/4/2020",NA,8299,NA,2609,108,352,1548
"MD","19/4/2020",NA,58267,2663,8191,1111,7351,31762
"ML","19/4/2020",NA,104,5,44,3,2,46
"MC","19/4/2020",NA,1440,219,612,103,117,662
"NC","19/4/2020",NA,4449,286,1856,128,385,1123
"PV","19/4/2020",NA,11789,839,6109,501,1081,7124
"RI","19/4/2020",NA,3664,707,1282,79,285,1833
"AN","20/4/2020",NA,11104,553,5509,692,1017,3411
"AR","20/4/2020",NA,4684,254,2271,250,643,1182
"AS","20/4/2020",NA,2224,229,1626,122,202,616
"IB","20/4/2020",NA,1767,41,986,161,161,1005
"CN","20/4/2020",NA,2085,0,837,164,120,878
"CB","20/4/2020",NA,1998,110,948,78,165,646
"CM","20/4/2020",NA,14936,2109,8199,534,2075,4242
"CL","20/4/2020",NA,14951,1308,7174,503,1521,5429
"CT","20/4/2020",NA,43112,1027,22796,2437,4152,14446
"CE","20/4/2020",NA,100,14,9,4,4,73
"VC","20/4/2020",NA,9750,649,4866,648,1089,4719
"EX","20/4/2020",NA,2692,551,1327,107,397,921
"GA","20/4/2020",NA,8468,NA,2652,101,360,1588
"MD","20/4/2020",NA,58874,2672,7930,1076,7460,32277
"ML","20/4/2020",NA,105,5,44,3,2,46
"MC","20/4/2020",NA,1445,251,614,104,120,702
"NC","20/4/2020",NA,4475,356,1877,128,397,1190
"PV","20/4/2020",NA,11843,967,6141,507,1103,7277
"RI","20/4/2020",NA,3684,799,1297,81,294,1866
"AN","21/4/2020",NA,11235,654,5565,696,1050,3569
"AR","21/4/2020",NA,4761,293,2304,252,656,1530
"AS","21/4/2020",NA,2238,277,1665,128,211,642
"IB","21/4/2020",NA,1788,48,1005,166,164,1017
"CN","21/4/2020",NA,2094,0,841,164,121,927
"CB","21/4/2020",NA,2012,148,956,78,167,718
"CM","21/4/2020",NA,15053,2268,8243,537,2140,4337
"CL","21/4/2020",NA,15141,1698,7264,505,1554,5614
"CT","21/4/2020",NA,43802,1027,23295,2460,4247,15089
"CE","21/4/2020",NA,100,24,9,4,4,76
"VC","21/4/2020",NA,9825,746,4896,649,1106,5011
"EX","21/4/2020",NA,2692,551,1349,107,404,1051
"GA","21/4/2020",NA,8634,NA,2674,96,368,1625
"MD","21/4/2020",NA,59463,2954,7464,1024,7577,33032
"ML","21/4/2020",NA,105,6,44,3,2,50
"MC","21/4/2020",NA,1455,262,622,104,123,761
"NC","21/4/2020",NA,4531,427,1894,128,401,1316
"PV","21/4/2020",NA,11974,1070,6201,513,1124,7651
"RI","21/4/2020",NA,3704,882,1318,81,298,1899
"AN","22/4/2020",NA,11368,837,5616,702,1079,3847
"AR","22/4/2020",NA,4833,404,2340,253,681,1680
"AS","22/4/2020",NA,2243,318,1705,130,223,665
"IB","22/4/2020",NA,1807,54,1022,167,168,1047
"CN","22/4/2020",NA,2113,0,855,169,121,969
"CB","22/4/2020",NA,2023,183,965,78,173,850
"CM","22/4/2020",NA,15128,2429,8304,546,2188,4577
"CL","22/4/2020",NA,15510,1892,7397,508,1582,5777
"CT","22/4/2020",NA,44892,1027,23647,2478,4343,15477
"CE","22/4/2020",NA,100,24,9,4,4,76
"VC","22/4/2020",NA,9869,866,4917,650,1124,5388
"EX","22/4/2020",NA,2715,651,1375,107,407,1237
"GA","22/4/2020",NA,8805,NA,2694,92,375,1676
"MD","22/4/2020",NA,60142,3393,7077,981,7684,33645
"ML","22/4/2020",NA,106,7,44,3,2,55
"MC","22/4/2020",NA,1460,261,624,104,124,766
"NC","22/4/2020",NA,4577,486,1907,129,409,1445
"PV","22/4/2020",NA,12094,1342,6260,516,1167,8136
"RI","22/4/2020",NA,3741,986,1331,82,303,1937
"AN","23/4/2020",NA,11500,963,5675,714,1107,3992
"AR","23/4/2020",NA,4867,428,2359,254,695,1781
"AS","23/4/2020",NA,2247,354,1728,131,231,688
"IB","23/4/2020",NA,1821,57,1040,166,172,1081
"CN","23/4/2020",NA,2140,0,868,169,128,1017
"CB","23/4/2020",NA,2055,218,978,78,178,913
"CM","23/4/2020",NA,15365,2688,8342,553,2255,4782
"CL","23/4/2020",NA,15692,2084,7506,510,1612,5943
"CT","23/4/2020",NA,45544,1027,24130,2569,4393,16138
"CE","23/4/2020",NA,100,25,10,4,4,84
"VC","23/4/2020",NA,9939,967,4945,651,1147,5809
"EX","23/4/2020",NA,2718,685,1413,107,411,1358
"GA","23/4/2020",NA,8932,NA,2707,87,382,1730
"MD","23/4/2020",NA,60565,3535,6601,949,7765,34212
"ML","23/4/2020",NA,107,9,44,3,2,61
"MC","23/4/2020",NA,1468,273,625,105,125,791
"NC","23/4/2020",NA,4581,599,1915,129,417,1552
"PV","23/4/2020",NA,12204,1576,6315,518,1193,8459
"RI","23/4/2020",NA,3790,1075,1344,82,307,1964
"AN","24/4/2020",NA,11663,1129,5715,717,1131,4295
"AR","24/4/2020",NA,4922,460,2372,255,709,1929
"AS","24/4/2020",NA,2260,393,1760,132,239,716
"IB","24/4/2020",NA,1847,60,1058,166,174,1102
"CN","24/4/2020",NA,2155,0,878,171,130,1036
"CB","24/4/2020",NA,2071,244,982,78,182,1046
"CM","24/4/2020",NA,15509,3016,8385,559,2292,4876
"CL","24/4/2020",NA,15990,2269,7555,511,1639,6033
"CT","24/4/2020",NA,46261,1027,24130,2576,4498,16753
"CE","24/4/2020",NA,100,25,10,4,4,98
"VC","24/4/2020",NA,10066,1057,4978,653,1172,6033
"EX","24/4/2020",NA,2718,740,1447,107,416,1510
"GA","24/4/2020",NA,9116,NA,2722,90,388,1783
"MD","24/4/2020",NA,61074,3691,6183,892,7848,34902
"ML","24/4/2020",NA,108,10,44,3,2,77
"MC","24/4/2020",NA,1468,288,625,105,126,842
"NC","24/4/2020",NA,4627,647,1937,129,429,1737
"PV","24/4/2020",NA,12366,1766,6375,525,1212,8941
"RI","24/4/2020",NA,3821,1125,1360,83,311,1999
"AN","25/4/2020",NA,11731,1260,5747,716,1145,4741
"AR","25/4/2020",NA,4955,501,2395,257,712,1960
"AS","25/4/2020",NA,2262,441,1790,134,249,749
"IB","25/4/2020",NA,1854,63,1062,166,175,1123
"CN","25/4/2020",NA,2167,0,880,171,131,1048
"CB","25/4/2020",NA,2083,247,991,78,183,1127
"CM","25/4/2020",NA,15609,3386,8417,565,2330,5196
"CL","25/4/2020",NA,16222,2462,7653,515,1666,6208
"CT","25/4/2020",NA,46811,1027,25665,2583,4566,17006
"CE","25/4/2020",NA,100,31,10,4,4,104
"VC","25/4/2020",NA,10160,1212,5013,654,1186,6243
"EX","25/4/2020",NA,2736,729,1480,107,422,1582
"GA","25/4/2020",NA,9176,NA,2735,85,394,1803
"MD","25/4/2020",NA,61304,3691,5892,873,7922,35367
"ML","25/4/2020",NA,110,11,44,3,2,81
"MC","25/4/2020",NA,1474,297,627,106,127,920
"NC","25/4/2020",NA,4712,740,1942,129,431,1835
"PV","25/4/2020",NA,12455,1860,6426,533,1230,9602
"RI","25/4/2020",NA,3861,1137,1380,84,315,2037
"AN","26/4/2020",NA,11807,1321,5767,720,1157,4890
"AR","26/4/2020",NA,4985,519,2403,257,726,2010
"AS","26/4/2020",NA,2264,472,1814,137,253,759
"IB","26/4/2020",NA,1859,63,1062,166,179,1136
"CN","26/4/2020",NA,2178,0,881,171,131,1047
"CB","26/4/2020",NA,2104,246,995,78,186,1241
"CM","26/4/2020",NA,15664,3622,8444,579,2365,5282
"CL","26/4/2020",NA,16404,2624,7703,518,1690,6272
"CT","26/4/2020",NA,47755,1027,25799,2724,4699,17897
"CE","26/4/2020",NA,100,31,10,4,4,107
"VC","26/4/2020",NA,10180,1232,5032,656,1189,6317
"EX","26/4/2020",NA,2749,731,1490,107,428,1652
"GA","26/4/2020",NA,9238,NA,2746,83,405,1816
"MD","26/4/2020",NA,61436,4022,39472,3309,7986,35565
"ML","26/4/2020",NA,110,11,44,3,2,87
"MC","26/4/2020",NA,1474,297,627,106,128,990
"NC","26/4/2020",NA,4733,753,1942,130,432,1918
"PV","26/4/2020",NA,12513,1899,6457,538,1241,9840
"RI","26/4/2020",NA,3892,1149,1392,85,320,2049
"AN","27/4/2020",NA,11859,1359,5792,721,1168,5039
"AR","27/4/2020",NA,5004,553,2425,258,735,2081
"AS","27/4/2020",NA,2272,537,1843,137,261,780
"IB","27/4/2020",NA,1870,70,1074,166,181,1166
"CN","27/4/2020",NA,2187,0,900,174,133,1075
"CB","27/4/2020",NA,2115,271,1000,78,188,1290
"CM","27/4/2020",NA,15706,3812,8464,584,2396,5306
"CL","27/4/2020",NA,16589,2783,7777,522,1710,6323
"CT","27/4/2020",NA,48158,1027,26230,2750,4808,18319
"CE","27/4/2020",NA,100,34,10,4,4,110
"VC","27/4/2020",NA,10204,1454,5046,659,1200,6423
"EX","27/4/2020",NA,2751,736,1505,107,433,1733
"GA","27/4/2020",NA,9328,NA,2758,73,412,1841
"MD","27/4/2020",NA,62016,4205,39634,3338,8048,35841
"ML","27/4/2020",NA,114,11,44,3,2,92
"MC","27/4/2020",NA,1475,318,629,106,130,1113
"NC","27/4/2020",NA,4759,871,1945,130,432,1978
"PV","27/4/2020",NA,12564,2240,6482,539,1255,9974
"RI","27/4/2020",NA,3897,1200,1400,87,326,2064
"AN","28/4/2020",NA,11941,1528,5831,722,1188,5272
"AR","28/4/2020",NA,5042,610,2454,258,736,2189
"AS","28/4/2020",NA,2289,587,1886,137,266,809
"IB","28/4/2020",NA,1879,71,1079,166,185,1196
"CN","28/4/2020",NA,2202,0,906,175,134,1107
"CB","28/4/2020",NA,2146,293,1006,79,191,1372
"CM","28/4/2020",NA,15785,4010,8523,588,2436,5382
"CL","28/4/2020",NA,16690,3161,7854,524,1736,6448
"CT","28/4/2020",NA,48654,1027,26546,2768,4905,19060
"CE","28/4/2020",NA,101,38,10,4,4,114
"VC","28/4/2020",NA,10236,1580,5072,662,1218,6599
"EX","28/4/2020",NA,2764,749,1526,107,440,1797
"GA","28/4/2020",NA,8675,791,2736,308,547,5393
"MD","28/4/2020",NA,62482,4381,39850,3355,8105,36314
"ML","28/4/2020",NA,114,11,44,3,2,95
"MC","28/4/2020",NA,1480,360,635,106,130,1153
"NC","28/4/2020",NA,4794,1090,1951,130,448,2082
"PV","28/4/2020",NA,12619,2519,6522,540,1274,10474
"RI","28/4/2020",NA,3910,1263,1413,87,330,2091
"AN","29/4/2020",NA,11981,1675,5873,721,1207,5710
"AR","29/4/2020",NA,5091,880,2477,258,739,2291
"AS","29/4/2020",NA,2306,627,1915,137,273,835
"IB","29/4/2020",NA,1883,72,1082,167,188,1219
"CN","29/4/2020",NA,2205,0,909,175,135,1131
"CB","29/4/2020",NA,2173,332,1007,79,191,1483
"CM","29/4/2020",NA,15832,4239,8567,592,2463,5512
"CL","29/4/2020",NA,16885,3427,7957,528,1752,6569
"CT","29/4/2020",NA,48916,1027,26763,2784,4975,19615
"CE","29/4/2020",NA,101,45,10,4,4,126
"VC","29/4/2020",NA,10331,1727,5096,663,1236,6886
"EX","29/4/2020",NA,2785,753,1550,108,446,1887
"GA","29/4/2020",NA,8697,848,2747,310,547,5573
"MD","29/4/2020",NA,62821,4488,40076,3377,8176,36707
"ML","29/4/2020",NA,114,11,44,3,2,96
"MC","29/4/2020",NA,1486,408,637,108,130,1202
"NC","29/4/2020",NA,4815,1325,1965,132,451,2113
"PV","29/4/2020",NA,12701,2818,6561,541,1296,10936
"RI","29/4/2020",NA,3918,1288,1424,88,332,2159
"AN","30/4/2020",NA,12094,1820,5935,729,1238,6334
"AR","30/4/2020",NA,5116,987,2494,260,749,2382
"AS","30/4/2020",NA,2311,663,1938,140,273,860
"IB","30/4/2020",NA,1894,76,1090,167,193,1245
"CN","30/4/2020",NA,2206,0,914,175,136,1151
"CB","30/4/2020",NA,2184,363,1009,79,192,1509
"CM","30/4/2020",NA,15910,4606,8618,596,2498,5615
"CL","30/4/2020",NA,16993,3746,8010,531,1770,6686
"CT","30/4/2020",NA,49307,1027,26932,2795,5061,19640
"CE","30/4/2020",NA,101,50,10,4,4,138
"VC","30/4/2020",NA,10347,1862,5126,694,1245,7078
"EX","30/4/2020",NA,2811,819,1565,108,451,1960
"GA","30/4/2020",NA,8848,848,2759,313,555,5816
"MD","30/4/2020",NA,63081,4609,40293,3392,8222,37154
"ML","30/4/2020",NA,115,11,44,3,2,96
"MC","30/4/2020",NA,1488,472,638,109,132,1229
"NC","30/4/2020",NA,4848,1489,1977,132,458,2185
"PV","30/4/2020",NA,12824,3145,6607,544,1312,11380
"RI","30/4/2020",NA,3936,1290,1433,88,333,2220
"AN","1/5/2020",NA,12140,2023,5961,735,1253,6821
"AR","1/5/2020",NA,5136,1028,2503,260,761,2474
"AS","1/5/2020",NA,2311,686,1974,141,279,890
"IB","1/5/2020",NA,1902,82,1094,167,197,1268
"CN","1/5/2020",NA,2212,0,918,175,140,1149
"CB","1/5/2020",NA,2201,376,1009,79,193,1551
"CM","1/5/2020",NA,15967,5056,8645,601,2534,5702
"CL","1/5/2020",NA,17165,3834,8054,531,1788,6813
"CT","1/5/2020",NA,49850,1027,27049,2811,5137,19913
"CE","1/5/2020",NA,101,51,10,4,4,140
"VC","1/5/2020",NA,10411,2103,5153,695,1258,7287
"EX","1/5/2020",NA,2824,866,1592,108,458,2017
"GA","1/5/2020",NA,8902,848,2769,313,557,5981
"MD","1/5/2020",NA,63195,4609,40457,3404,8292,37530
"ML","1/5/2020",NA,115,11,44,3,2,96
"MC","1/5/2020",NA,1491,475,639,110,132,1251
"NC","1/5/2020",NA,4888,1523,1979,132,460,2281
"PV","1/5/2020",NA,12887,3232,6659,551,1321,11805
"RI","1/5/2020",NA,3947,1292,1439,88,334,2279
"AN","2/5/2020",NA,12175,2112,5961,736,1256,6897
"AR","2/5/2020",NA,5164,1044,2519,260,761,2558
"AS","2/5/2020",NA,2312,706,1995,142,280,908
"IB","2/5/2020",NA,1908,82,1099,167,197,1284
"CN","2/5/2020",NA,2221,0,919,175,140,1150
"CB","2/5/2020",NA,2205,384,1010,79,195,1616
"CM","2/5/2020",NA,16017,5273,8676,604,2565,5772
"CL","2/5/2020",NA,17283,3946,8085,533,1800,6856
"CT","2/5/2020",NA,50234,1027,27257,2844,5185,20332
"CE","2/5/2020",NA,101,51,10,4,4,141
"VC","2/5/2020",NA,10436,2250,5181,698,1264,7447
"EX","2/5/2020",NA,2844,868,1603,108,460,2072
"GA","2/5/2020",NA,8967,848,2774,315,563,6075
"MD","2/5/2020",NA,63312,4609,40597,3421,8332,37704
"ML","2/5/2020",NA,117,12,44,3,2,98
"MC","2/5/2020",NA,1492,482,641,110,134,1260
"NC","2/5/2020",NA,4902,1525,1986,133,462,2411
"PV","2/5/2020",NA,12938,3259,6692,553,1329,12024
"RI","2/5/2020",NA,3952,1295,1446,88,335,2297
"AN","3/5/2020",NA,12194,2155,5973,738,1263,7021
"AR","3/5/2020",NA,5188,1051,2526,260,762,2624
"AS","3/5/2020",NA,2314,716,2014,142,284,917
"IB","3/5/2020",NA,1908,83,1102,167,197,1294
"CN","3/5/2020",NA,2225,0,919,175,141,1166
"CB","3/5/2020",NA,2206,390,1011,79,197,1610
"CM","3/5/2020",NA,16050,5461,8698,606,2590,5794
"CL","3/5/2020",NA,17334,4045,8123,534,1818,6900
"CT","3/5/2020",NA,50366,1027,27321,2847,5220,21898
"CE","3/5/2020",NA,101,51,10,4,4,142
"VC","3/5/2020",NA,10436,2383,5204,700,1269,7506
"EX","3/5/2020",NA,2849,873,1618,108,460,2090
"GA","3/5/2020",NA,9011,848,2782,315,569,6234
"MD","3/5/2020",NA,63421,4609,40741,3431,8376,37808
"ML","3/5/2020",NA,119,12,44,3,2,101
"MC","3/5/2020",NA,1492,482,645,110,134,1277
"NC","3/5/2020",NA,4918,1529,1990,133,466,2494
"PV","3/5/2020",NA,12952,3294,6719,554,1341,12155
"RI","3/5/2020",NA,3961,1297,1449,88,335,2312
"AN","4/5/2020",NA,12210,2184,5983,738,1267,7230
"AR","4/5/2020",NA,5207,1075,2539,260,770,2704
"AS","4/5/2020",NA,2315,743,2046,142,284,936
"IB","4/5/2020",NA,1910,87,1110,168,198,1307
"CN","4/5/2020",NA,2231,0,920,176,142,1190
"CB","4/5/2020",NA,2207,400,1015,79,198,1658
"CM","4/5/2020",NA,16080,5576,8725,609,2616,5824
"CL","4/5/2020",NA,17429,4290,8153,537,1832,6935
"CT","4/5/2020",NA,50771,1027,27745,2856,5270,22553
"CE","4/5/2020",NA,101,54,10,4,4,145
"VC","4/5/2020",NA,10500,2383,5214,701,1279,7655
"EX","4/5/2020",NA,2852,876,1629,108,462,2146
"GA","4/5/2020",NA,9051,902,2792,317,573,6561
"MD","4/5/2020",NA,63731,4689,40851,3442,8420,38002
"ML","4/5/2020",NA,119,12,44,3,2,101
"MC","4/5/2020",NA,1496,555,650,111,136,1381
"NC","4/5/2020",NA,4936,1625,1995,134,471,2562
"PV","4/5/2020",NA,12965,3461,6736,556,1353,12251
"RI","4/5/2020",NA,3967,1303,1452,90,336,2345
"AN","5/5/2020",NA,12236,2403,6012,740,1281,7679
"AR","5/5/2020",NA,5231,1151,2552,260,788,2790
"AS","5/5/2020",NA,2326,768,2081,142,287,953
"IB","5/5/2020",NA,1921,92,1122,168,199,1321
"CN","5/5/2020",NA,2231,0,920,176,143,1223
"CB","5/5/2020",NA,2213,413,1018,79,199,1696
"CM","5/5/2020",NA,16144,6022,8765,612,2647,5862
"CL","5/5/2020",NA,17520,4636,8246,538,1847,7036
"CT","5/5/2020",NA,50924,1166,28085,2871,5345,22881
"CE","5/5/2020",NA,109,55,10,4,4,150
"VC","5/5/2020",NA,10537,2527,5225,701,1291,7747
"EX","5/5/2020",NA,2865,881,1650,108,463,2189
"GA","5/5/2020",NA,9097,1095,2811,319,582,6802
"MD","5/5/2020",NA,64026,4689,41031,3465,8466,38331
"ML","5/5/2020",NA,119,12,44,3,2,104
"MC","5/5/2020",NA,1498,635,650,111,136,1465
"NC","5/5/2020",NA,4966,1804,2005,135,476,2628
"PV","5/5/2020",NA,13008,3671,6781,559,1364,12749
"RI","5/5/2020",NA,3980,1342,1458,91,337,2396
"AN","6/5/2020",NA,12268,2602,6027,742,1294,8076
"AR","6/5/2020",NA,5258,1258,2564,262,800,2880
"AS","6/5/2020",NA,2326,773,2117,143,292,971
"IB","6/5/2020",NA,1929,94,1132,168,201,1345
"CN","6/5/2020",NA,2235,0,921,176,144,1258
"CB","6/5/2020",NA,2220,422,1020,79,200,1758
"CM","6/5/2020",NA,16184,6383,8796,613,2677,5895
"CL","6/5/2020",NA,17625,4912,8300,541,1864,7149
"CT","6/5/2020",NA,51190,1315,28248,2891,5394,23231
"CE","6/5/2020",NA,109,56,10,4,4,150
"VC","6/5/2020",NA,10592,2719,5252,704,1303,8010
"EX","6/5/2020",NA,2877,931,1664,108,467,2265
"GA","6/5/2020",NA,9134,1158,2833,320,586,6959
"MD","6/5/2020",NA,64270,4792,41159,3485,8504,38670
"ML","6/5/2020",NA,119,13,44,3,2,108
"MC","6/5/2020",NA,1501,691,652,111,137,1527
"NC","6/5/2020",NA,4983,2027,2015,135,480,2732
"PV","6/5/2020",NA,13041,3918,6797,561,1383,13070
"RI","6/5/2020",NA,3986,1344,1463,91,338,2457
"AN","7/5/2020",NA,12287,2763,6038,742,1301,8435
"AR","7/5/2020",NA,5274,1301,2578,263,815,2953
"AS","7/5/2020",NA,2336,821,2141,144,292,983
"IB","7/5/2020",NA,1935,94,1135,168,202,1374
"CN","7/5/2020",NA,2240,NA,927,176,148,1318
"CB","7/5/2020",NA,2232,433,1022,79,201,1786
"CM","7/5/2020",NA,16237,6671,8828,617,2713,5981
"CL","7/5/2020",NA,17716,5210,8357,543,1876,7231
"CT","7/5/2020",NA,51733,1476,28608,2949,5471,23664
"CE","7/5/2020",NA,109,59,11,4,4,154
"VC","7/5/2020",NA,10619,2888,5287,706,1309,8181
"EX","7/5/2020",NA,2900,953,1678,109,472,2312
"GA","7/5/2020",NA,9184,1269,2857,321,588,7138
"MD","7/5/2020",NA,64450,4792,41304,3493,8552,38975
"ML","7/5/2020",NA,119,13,44,3,2,108
"MC","7/5/2020",NA,1504,748,659,113,137,1662
"NC","7/5/2020",NA,5006,2221,2015,135,484,2827
"PV","7/5/2020",NA,13101,4185,6818,566,1390,13540
"RI","7/5/2020",NA,3992,1363,1469,91,342,2526
"AN","8/5/2020",NA,12298,2930,6069,745,1317,8779
"AR","8/5/2020",NA,5291,1365,2583,263,823,3006
"AS","8/5/2020",NA,2342,841,2166,145,293,1012
"IB","8/5/2020",NA,1944,98,1141,169,207,1395
"CN","8/5/2020",NA,2250,0,935,178,148,1342
"CB","8/5/2020",NA,2241,440,1023,79,201,1862
"CM","8/5/2020",NA,16278,7015,8867,621,2738,6062
"CL","8/5/2020",NA,17807,5630,8394,546,1885,7317
"CT","8/5/2020",NA,51935,1643,28687,2983,5507,24063
"CE","8/5/2020",NA,110,59,11,4,4,154
"VC","8/5/2020",NA,10661,3015,5317,709,1315,8796
"EX","8/5/2020",NA,2907,979,1695,109,477,2354
"GA","8/5/2020",NA,9216,1358,2876,323,591,7225
"MD","8/5/2020",NA,64523,4852,41436,3508,8598,39227
"ML","8/5/2020",NA,119,13,44,3,2,108
"MC","8/5/2020",NA,1506,757,662,113,138,1767
"NC","8/5/2020",NA,5039,2403,2021,135,487,2917
"PV","8/5/2020",NA,13111,4442,6865,568,1403,13985
"RI","8/5/2020",NA,4000,1365,1473,91,344,2581
"NOTA 1: El objetivo de los datos que se publican en esta web es saber el nmero de casos acumulados a la fecha y que por tanto no se puede deducir que la diferencia entre un da y el anterior es el nmero de casos nuevos ya que esos casos pueden haber sido recuperados de fechas anteriores. Cualquier inferencia que se haga sobre las diferencias de un da para otro deben hacerse con precaucin y son nicamente la responsabilidad del autor.","",NA,NA,NA,NA,NA,NA,NA
"NOTA 2: Los datos de estas comunidades son datos de prevalencia (personas ingresadas a fecha de hoy). No reflejan el total de personas que han sido hospitalizadas o ingresadas en UCI a lo largo del periodo de notificacin(CL(UCIs*)-GA(UCIS**)-CM***-MD****)","",NA,NA,NA,NA,NA,NA,NA
"* Desde el da 17/04/2020 las cifras de UCIs de CL son casos acumulados. Previamente se refieren a personas ingresadas ese da.","",NA,NA,NA,NA,NA,NA,NA
"**Desde el da 28/04/2020 las cifras  UCIs de GA  son casos acumulados. Previamente se refieren a personas ingresadas ese da. Se actualizar la serie cuando est disponible.","",NA,NA,NA,NA,NA,NA,NA
"*** Desde el da 11/04/2020 las cifras de hospitalizados de CM son casos acumulados. Previamente se refieren a personas ingresadas ese da.","",NA,NA,NA,NA,NA,NA,NA
"*** Desde el da 12/04/2020 las cifras de UCIs de CM son casos acumulados. Previamente se refieren a personas ingresadas ese da.","",NA,NA,NA,NA,NA,NA,NA
"**** Desde el da 26/04/2020 las cifras de Hospitalizados y UCIs de MD son casos acumulados. Previamente se refieren a personas ingresadas ese da. Se actualizar la serie cuando est disponible","",NA,NA,NA,NA,NA,NA,NA
"NOTA 3:Se excluyen de la serie las notificaciones de personas  con anticuerpos positivos sin sntomas en el momento de realizacin de la prueba en los que no se puede establecer un momento de contagio ni si han padecido o no la enfermedad.","",NA,NA,NA,NA,NA,NA,NA
